MonthlyCharges,TotalCharges,Partner,OnlineSecurity,OnlineBackup,DeviceProtection,TechSupport,StreamingTV,Type_Two year,PaymentMethod_Credit card (automatic),PaymentMethod_Mailed check,PaymentMethod_Electronic check,InternetService_Fiber optic,total_add_on_4,Contract_InternetService_Charges,Contract_InternetService,Partner_OnlineSecurity,Contract_Type_to_MonthlyCharges,Contract_TechSupport_Interaction,Total_to_Monthly_Charges_Ratio,num_services,LatePayment_mail,predicted_churn_probability
1.168725263765601,-0.610302356866177,-0.9692341317067846,-0.6361110339942113,-0.7355463591028758,-0.7269705385112015,1.5545469214496157,1.2521631238002848,-0.5638215469828244,1.9091051844021834,-0.5438457219407257,-0.7107810667284712,1.1265120504989958,-0.37512230576202565,-1.0187219535153695,-0.2896177045260068,-0.45575985101876076,-0.012668610691780852,-0.29498346078680077,0.005865158754222283,0.21440028003320172,0.3295301916907803,0.6660992
1.1587702044130106,-0.13464318599633038,-0.9692341317067846,-0.6361110339942113,1.3595336141962153,-0.7269705385112015,-0.6432742467930781,1.2521631238002848,-0.5638215469828244,1.9091051844021834,-0.5438457219407257,-0.7107810667284712,1.1265120504989958,-0.37512230576202565,-0.4073239049745713,-0.2896177045260068,-0.45575985101876076,-0.012668610691780852,-0.29498346078680077,0.008910043265799328,0.21440028003320172,0.3295301916907803,0.5278532
0.6593580602247482,-0.6110483168204931,-0.9692341317067846,-0.6361110339942113,-0.7355463591028758,-0.7269705385112015,-0.6432742467930781,-0.798617992330763,-0.5638215469828244,1.9091051844021834,-0.5438457219407257,-0.7107810667284712,1.1265120504989958,-0.37512230576202565,-1.0196807880933394,-0.2896177045260068,-0.45575985101876076,-0.012668610691780852,-0.29498346078680077,0.0046580889510332,-1.073372830528694,0.3295301916907803,0.5517439
0.8650959535116073,-0.3814681708803605,-0.9692341317067846,-0.6361110339942113,1.3595336141962153,-0.7269705385112015,-0.6432742467930781,1.2521631238002848,-0.5638215469828244,-0.5238056070300494,-0.5438457219407257,1.406902978722722,1.1265120504989958,-0.37512230576202565,-0.7245853462146071,-0.2896177045260068,-0.45575985101876076,-0.012668610691780852,-0.29498346078680077,0.006933877544967595,0.21440028003320172,0.3295301916907803,0.5642235
0.32918192503051463,-0.9403457566537738,-0.9692341317067846,-0.6361110339942113,-0.7355463591028758,-0.7269705385112015,-0.6432742467930781,-0.798617992330763,-0.5638215469828244,-0.5238056070300494,1.8387567643843508,-0.7107810667284712,1.1265120504989958,-0.37512230576202565,-1.442949852233046,-0.2896177045260068,-0.45575985101876076,-0.012668610691780852,-0.29498346078680077,-5.7391644987978784e-05,-1.073372830528694,-2.1486933237556345,0.5653916
0.8070247739548325,-0.17180954372020124,-0.9692341317067846,-0.6361110339942113,-0.7355463591028758,-0.7269705385112015,-0.6432742467930781,1.2521631238002848,-0.5638215469828244,-0.5238056070300494,-0.5438457219407257,1.406902978722722,1.1265120504989958,-0.37512230576202565,-0.45509642777107095,-0.2896177045260068,-0.45575985101876076,-0.012668610691780852,-0.29498346078680077,0.0084553634788579,-0.4294862752477462,0.3295301916907803,0.5292926
1.2384106792337306,-0.41264490897104555,1.0317424524031547,-0.6361110339942113,-0.7355463591028758,1.3755715631171914,-0.6432742467930781,1.2521631238002848,-0.5638215469828244,1.9091051844021834,-0.5438457219407257,-0.7107810667284712,1.1265120504989958,-0.37512230576202565,-0.7646589913703487,-0.2896177045260068,-0.45575985101876076,-0.012668610691780852,-0.29498346078680077,0.007214438783394715,0.21440028003320172,0.3295301916907803,0.61594975
0.8136614801898926,-0.9034646189124357,-0.9692341317067846,-0.6361110339942113,-0.7355463591028758,-0.7269705385112015,-0.6432742467930781,1.2521631238002848,-0.5638215469828244,-0.5238056070300494,-0.5438457219407257,1.406902978722722,1.1265120504989958,-0.37512230576202565,-1.3955439426575347,-0.2896177045260068,-0.45575985101876076,-0.012668610691780852,-0.29498346078680077,0.0028523430007195948,-0.4294862752477462,0.3295301916907803,0.7071474
0.8451858348064276,-0.9351679169708734,-0.9692341317067846,-0.6361110339942113,-0.7355463591028758,-0.7269705385112015,-0.6432742467930781,1.2521631238002848,-0.5638215469828244,-0.5238056070300494,-0.5438457219407257,1.406902978722722,1.1265120504989958,-0.37512230576202565,-1.436294412221255,-0.2896177045260068,-0.45575985101876076,-0.012668610691780852,-0.29498346078680077,0.002731807056453801,-0.4294862752477462,0.3295301916907803,0.7385507
0.3175676891191599,-0.9762834744528887,-0.9692341317067846,-0.6361110339942113,-0.7355463591028758,-0.7269705385112015,-0.6432742467930781,-0.798617992330763,-0.5638215469828244,-0.5238056070300494,-0.5438457219407257,1.406902978722722,1.1265120504989958,-0.37512230576202565,-1.4891431180775951,-0.2896177045260068,-0.45575985101876076,-0.012668610691780852,-0.29498346078680077,-0.0005232429461553357,-1.073372830528694,0.3295301916907803,0.78385305
0.8800285425404923,-0.9337418170582101,1.0317424524031547,-0.6361110339942113,-0.7355463591028758,1.3755715631171914,-0.6432742467930781,1.2521631238002848,-0.5638215469828244,-0.5238056070300494,-0.5438457219407257,1.406902978722722,1.1265120504989958,-0.37512230576202565,-1.4344613461163127,-0.2896177045260068,-0.45575985101876076,-0.012668610691780852,-0.29498346078680077,0.0028729218000169555,0.21440028003320172,0.3295301916907803,0.7385507
1.498901398959834,-0.5511740604872915,-0.9692341317067846,1.5720525923295021,1.3595336141962153,1.3755715631171914,1.5545469214496157,1.2521631238002848,-0.5638215469828244,-0.5238056070300494,-0.5438457219407257,1.406902978722722,1.1265120504989958,-0.37512230576202565,-0.9427202127027564,-0.2896177045260068,-0.45575985101876076,-0.012668610691780852,-0.29498346078680077,0.006710953804381083,2.146059945876045,0.3295301916907803,0.5830466
0.3424553375006348,-0.7559181279484265,-0.9692341317067846,-0.6361110339942113,-0.7355463591028758,-0.7269705385112015,-0.6432742467930781,-0.798617992330763,-0.5638215469828244,-0.5238056070300494,-0.5438457219407257,1.406902978722722,1.1265120504989958,-0.37512230576202565,-1.205892103338491,-0.2896177045260068,-0.45575985101876076,-0.012668610691780852,-0.29498346078680077,0.0019495796923134727,-1.073372830528694,0.3295301916907803,0.5387558
1.2450473854687907,-0.9640190152039845,1.0317424524031547,1.5720525923295021,-0.7355463591028758,1.3755715631171914,-0.6432742467930781,1.2521631238002848,-0.5638215469828244,-0.5238056070300494,-0.5438457219407257,1.406902978722722,1.1265120504989958,2.6657972203721507,-1.4733787495750905,-0.2896177045260068,2.19413798245874,-0.012668610691780852,-0.29498346078680077,0.003807982020018463,0.8582868353141496,0.3295301916907803,0.77474236
0.42209581232135457,-0.6956050716420977,-0.9692341317067846,-0.6361110339942113,-0.7355463591028758,-0.7269705385112015,-0.6432742467930781,1.2521631238002848,-0.5638215469828244,-0.5238056070300494,-0.5438457219407257,-0.7107810667284712,1.1265120504989958,-0.37512230576202565,-1.1283675076079258,-0.2896177045260068,-0.45575985101876076,-0.012668610691780852,-0.29498346078680077,0.0029774970704668454,-0.4294862752477462,0.3295301916907803,0.53287935
0.5017362871420739,-0.9738481346020328,1.0317424524031547,-0.6361110339942113,-0.7355463591028758,-0.7269705385112015,-0.6432742467930781,1.2521631238002848,-0.5638215469828244,-0.5238056070300494,1.8387567643843508,-0.7107810667284712,1.1265120504989958,-0.37512230576202565,-1.4860128051906933,-0.2896177045260068,-0.45575985101876076,-0.012668610691780852,-0.29498346078680077,0.0007624988138058062,-0.4294862752477462,-2.2369867841846993,0.79858667
0.8169798333074224,-0.9696795348573247,-0.9692341317067846,-0.6361110339942113,-0.7355463591028758,-0.7269705385112015,-0.6432742467930781,1.2521631238002848,-0.5638215469828244,-0.5238056070300494,-0.5438457219407257,1.406902978722722,1.1265120504989958,-0.37512230576202565,-1.4806546119608615,-0.2896177045260068,-0.45575985101876076,-0.012668610691780852,-0.29498346078680077,0.0023584044217018697,-0.4294862752477462,0.3295301916907803,0.83885735
0.29599839385521476,-0.8328836432349312,-0.9692341317067846,-0.6361110339942113,-0.7355463591028758,-0.7269705385112015,-0.6432742467930781,-0.798617992330763,-0.5638215469828244,-0.5238056070300494,1.8387567643843508,-0.7107810667284712,1.1265120504989958,-0.37512230576202565,-1.304821270971384,-0.2896177045260068,-0.45575985101876076,-0.012668610691780852,-0.29498346078680077,0.0008434518083722429,-1.073372830528694,-1.865483520755269,0.53777957
1.2566616213801454,-0.08304030915657577,1.0317424524031547,-0.6361110339942113,1.3595336141962153,1.3755715631171914,1.5545469214496157,1.2521631238002848,-0.5638215469828244,-0.5238056070300494,-0.5438457219407257,1.406902978722722,1.1265120504989958,-0.37512230576202565,-0.3409951129926544,-0.2896177045260068,-0.45575985101876076,-0.012668610691780852,-0.29498346078680077,0.009265526663717261,1.5021733905950976,0.3295301916907803,0.51303613
0.16658262227154572,-0.8683825610609188,1.0317424524031547,-0.6361110339942113,-0.7355463591028758,-0.7269705385112015,-0.6432742467930781,-0.798617992330763,-0.5638215469828244,1.9091051844021834,-0.5438457219407257,-0.7107810667284712,1.1265120504989958,-0.37512230576202565,-1.350450516475951,-0.2896177045260068,-0.45575985101876076,-0.012668610691780852,-0.29498346078680077,-0.000570610368636501,-1.073372830528694,0.3295301916907803,0.5314407
-1.3183803978231223,-0.997916313128058,-0.9692341317067846,-0.6361110339942113,-0.7355463591028758,-0.7269705385112015,-0.6432742467930781,-0.798617992330763,-0.5638215469828244,-0.5238056070300494,-0.5438457219407257,1.406902978722722,-0.8876957859057464,-0.37512230576202565,-0.23425758730654225,-0.2896177045260068,-0.45575985101876076,-0.012668610691780852,-0.29498346078680077,0.05334775734803085,-1.073372830528694,0.3295301916907803,0.5512361
1.32468786028951,-0.33699579360392234,-0.9692341317067846,-0.6361110339942113,1.3595336141962153,1.3755715631171914,-0.6432742467930781,1.2521631238002848,-0.5638215469828244,-0.5238056070300494,-0.5438457219407257,1.406902978722722,1.1265120504989958,2.6657972203721507,-0.6674218847574025,-0.2896177045260068,-0.45575985101876076,-0.012668610691780852,-0.29498346078680077,0.007761908136811868,0.8582868353141496,0.3295301916907803,0.6504272
0.4436651075852992,-0.5552768402360304,-0.9692341317067846,-0.6361110339942113,-0.7355463591028758,-0.7269705385112015,-0.6432742467930781,1.2521631238002848,-0.5638215469828244,1.9091051844021834,-0.5438457219407257,-0.7107810667284712,1.1265120504989958,-0.37512230576202565,-0.9479938028815907,-0.2896177045260068,-0.45575985101876076,-0.012668610691780852,-0.29498346078680077,0.004430304674515554,-0.4294862752477462,0.3295301916907803,0.5347399
0.8551408941590174,-0.9046932588371916,-0.9692341317067846,-0.6361110339942113,-0.7355463591028758,-0.7269705385112015,-0.6432742467930781,1.2521631238002848,-0.5638215469828244,-0.5238056070300494,1.8387567643843508,-0.7107810667284712,1.1265120504989958,-0.37512230576202565,-1.397123199609485,-0.2896177045260068,-0.45575985101876076,-0.012668610691780852,-0.29498346078680077,0.0029979673164371116,-0.4294862752477462,-2.054733354405778,0.7022446
-1.3316538102932425,-0.9980918331173086,1.0317424524031547,-0.6361110339942113,-0.7355463591028758,-0.7269705385112015,-0.6432742467930781,-0.798617992330763,-0.5638215469828244,-0.5238056070300494,-0.5438457219407257,1.406902978722722,-0.8876957859057464,-0.37512230576202565,-0.23425758730654225,-0.2896177045260068,-0.45575985101876076,-0.012668610691780852,-0.29498346078680077,0.051611332241146585,-1.073372830528694,0.3295301916907803,0.55882984
0.3789572217934644,-0.9754716945026034,-0.9692341317067846,-0.6361110339942113,-0.7355463591028758,1.3755715631171914,-0.6432742467930781,-0.798617992330763,-0.5638215469828244,-0.5238056070300494,-0.5438457219407257,1.406902978722722,1.1265120504989958,-0.37512230576202565,-1.488099680448628,-0.2896177045260068,-0.45575985101876076,-0.012668610691780852,-0.29498346078680077,-5.650256525690859e-05,-0.4294862752477462,0.3295301916907803,0.79201263
0.18815191753549032,-0.9779947943480846,-0.9692341317067846,-0.6361110339942113,-0.7355463591028758,-0.7269705385112015,-0.6432742467930781,-0.798617992330763,-0.5638215469828244,-0.5238056070300494,-0.5438457219407257,1.406902978722722,1.1265120504989958,-0.37512230576202565,-1.491342797403526,-0.2896177045260068,-0.45575985101876076,-0.012668610691780852,-0.29498346078680077,-0.0016651929105565451,-1.073372830528694,0.3295301916907803,0.7636165
0.3358186312655747,-0.9199415579033606,-0.9692341317067846,-0.6361110339942113,-0.7355463591028758,1.3755715631171914,-0.6432742467930781,-0.798617992330763,-0.5638215469828244,-0.5238056070300494,1.8387567643843508,-0.7107810667284712,1.1265120504989958,-0.37512230576202565,-1.4167229064238693,-0.2896177045260068,-0.45575985101876076,-0.012668610691780852,-0.29498346078680077,0.0002038021726112403,-0.4294862752477462,-2.0949193105277173,0.5473137
0.4005265170574095,-0.904649378839879,-0.9692341317067846,-0.6361110339942113,-0.7355463591028758,-0.7269705385112015,-0.6432742467930781,-0.798617992330763,-0.5638215469828244,-0.5238056070300494,-0.5438457219407257,1.406902978722722,1.1265120504989958,-0.37512230576202565,-1.3970667975754867,-0.2896177045260068,-0.45575985101876076,-0.012668610691780852,-0.29498346078680077,0.0007978943535085873,-1.073372830528694,0.3295301916907803,0.6237055
0.4585976966141842,-0.8218917039080957,-0.9692341317067846,-0.6361110339942113,-0.7355463591028758,-0.7269705385112015,-0.6432742467930781,-0.798617992330763,-0.5638215469828244,-0.5238056070300494,1.8387567643843508,-0.7107810667284712,1.1265120504989958,-0.37512230576202565,-1.290692561454828,-0.2896177045260068,-0.45575985101876076,-0.012668610691780852,-0.29498346078680077,0.0019440957872543122,-1.073372830528694,-1.8365149394357128,0.5700494
0.4834853449956591,-0.9740894745872528,-0.9692341317067846,-0.6361110339942113,-0.7355463591028758,-0.7269705385112015,-0.6432742467930781,1.2521631238002848,-0.5638215469828244,-0.5238056070300494,-0.5438457219407257,1.406902978722722,1.1265120504989958,-0.37512230576202565,-1.4863230163776837,-0.2896177045260068,-0.45575985101876076,-0.012668610691780852,-0.29498346078680077,0.0006493335521996855,-0.4294862752477462,0.3295301916907803,0.8321774
0.16658262227154572,-0.864104261322929,1.0317424524031547,-0.6361110339942113,-0.7355463591028758,-0.7269705385112015,-0.6432742467930781,-0.798617992330763,-0.5638215469828244,-0.5238056070300494,-0.5438457219407257,1.406902978722722,1.1265120504989958,-0.37512230576202565,-1.3449513181611235,-0.2896177045260068,-0.45575985101876076,-0.012668610691780852,-0.29498346078680077,-0.0005196300589025944,-1.073372830528694,0.3295301916907803,0.56538916
0.33084110158928,-0.8028258450757204,-0.9692341317067846,-0.6361110339942113,-0.7355463591028758,-0.7269705385112015,-0.6432742467930781,-0.798617992330763,-0.5638215469828244,-0.5238056070300494,-0.5438457219407257,1.406902978722722,1.1265120504989958,-0.37512230576202565,-1.2661858776825974,-0.2896177045260068,-0.45575985101876076,-0.012668610691780852,-0.29498346078680077,0.0013913046309502164,-1.073372830528694,0.3295301916907803,0.56981677
-0.4970880012344512,-0.9870560137931605,-0.9692341317067846,-0.6361110339942113,1.3595336141962153,-0.7269705385112015,-0.6432742467930781,-0.798617992330763,-0.5638215469828244,-0.5238056070300494,-0.5438457219407257,1.406902978722722,-0.8876957859057464,-0.37512230576202565,-0.23425758730654225,-0.2896177045260068,-0.45575985101876076,-0.012668610691780852,-0.29498346078680077,-0.017506224605644508,-0.4294862752477462,0.3295301916907803,0.5310727
0.9828974891839216,-0.4940203639874783,-0.9692341317067846,-0.6361110339942113,-0.7355463591028758,-0.7269705385112015,-0.6432742467930781,1.2521631238002848,-0.5638215469828244,-0.5238056070300494,-0.5438457219407257,1.406902978722722,1.1265120504989958,-0.37512230576202565,-0.8692565634200636,-0.2896177045260068,-0.45575985101876076,-0.012668610691780852,-0.29498346078680077,0.006313744618935685,-0.4294862752477462,0.3295301916907803,0.67219126
1.3047777415843302,0.059021182143343814,1.0317424524031547,-0.6361110339942113,1.3595336141962153,1.3755715631171914,-0.6432742467930781,1.2521631238002848,-0.5638215469828244,-0.5238056070300494,-0.5438457219407257,1.406902978722722,1.1265120504989958,2.6657972203721507,-0.1583935279233893,-0.2896177045260068,-0.45575985101876076,-0.012668610691780852,-0.29498346078680077,0.010133034523120138,0.8582868353141496,0.3295301916907803,0.5222897
0.8037064208373027,-0.7569493078852754,-0.9692341317067846,-0.6361110339942113,-0.7355463591028758,-0.7269705385112015,-0.6432742467930781,1.2521631238002848,-0.5638215469828244,-0.5238056070300494,-0.5438457219407257,1.406902978722722,1.1265120504989958,-0.37512230576202565,-1.2072175511374494,-0.2896177045260068,-0.45575985101876076,-0.012668610691780852,-0.29498346078680077,0.0039433059112065055,-0.4294862752477462,0.3295301916907803,0.6804414
0.8385491285713675,-0.22942398019179797,1.0317424524031547,-0.6361110339942113,-0.7355463591028758,-0.7269705385112015,-0.6432742467930781,1.2521631238002848,-0.5638215469828244,-0.5238056070300494,-0.5438457219407257,1.406902978722722,1.1265120504989958,-0.37512230576202565,-0.5291522984107452,-0.2896177045260068,-0.45575985101876076,-0.012668610691780852,-0.29498346078680077,0.008042410600520775,-0.4294862752477462,0.3295301916907803,0.5479432
0.3175676891191599,-0.9762834744528887,1.0317424524031547,-0.6361110339942113,-0.7355463591028758,-0.7269705385112015,-0.6432742467930781,-0.798617992330763,-0.5638215469828244,-0.5238056070300494,-0.5438457219407257,1.406902978722722,1.1265120504989958,-0.37512230576202565,-1.4891431180775951,-0.2896177045260068,-0.45575985101876076,-0.012668610691780852,-0.29498346078680077,-0.0005232429461553357,-1.073372830528694,0.3295301916907803,0.78385305
0.3690021624408745,-0.8690407610206096,-0.9692341317067846,-0.6361110339942113,-0.7355463591028758,-0.7269705385112015,-0.6432742467930781,-0.798617992330763,-0.5638215469828244,-0.5238056070300494,-0.5438457219407257,1.406902978722722,1.1265120504989958,-0.37512230576202565,-1.3512965469859244,-0.2896177045260068,-0.45575985101876076,-0.012668610691780852,-0.29498346078680077,0.0009527034511157737,-1.073372830528694,0.3295301916907803,0.6042131
1.1919537355883105,0.5388050727605858,1.0317424524031547,-0.6361110339942113,-0.7355463591028758,1.3755715631171914,-0.6432742467930781,1.2521631238002848,-0.5638215469828244,-0.5238056070300494,-0.5438457219407257,1.406902978722722,1.1265120504989958,-0.37512230576202565,0.45830631181324233,-0.2896177045260068,-0.45575985101876076,-0.012668610691780852,-0.29498346078680077,0.013194070858297475,0.21440028003320172,0.3295301916907803,0.5558262
-0.1901403378629276,-0.9829971140417343,-0.9692341317067846,-0.6361110339942113,-0.7355463591028758,1.3755715631171914,-0.6432742467930781,-0.798617992330763,-0.5638215469828244,-0.5238056070300494,-0.5438457219407257,1.406902978722722,-0.8876957859057464,-0.37512230576202565,-0.23425758730654225,-0.2896177045260068,-0.45575985101876076,-0.012668610691780852,-0.29498346078680077,-0.007095826327594126,-0.4294862752477462,0.3295301916907803,0.5290025
1.1023582014150013,-0.46914040551116803,-0.9692341317067846,1.5720525923295021,-0.7355463591028758,-0.7269705385112015,-0.6432742467930781,1.2521631238002848,-0.5638215469828244,-0.5238056070300494,1.8387567643843508,-0.7107810667284712,1.1265120504989958,-0.37512230576202565,-0.837276610143068,-0.2896177045260068,-0.45575985101876076,-0.012668610691780852,-0.29498346078680077,0.0066750466761171644,0.21440028003320172,-0.9068605473083371,0.6025095
0.6494030008721583,-0.8098685846444114,1.0317424524031547,1.5720525923295021,-0.7355463591028758,1.3755715631171914,-0.6432742467930781,-0.798617992330763,-0.5638215469828244,-0.5238056070300494,-0.5438457219407257,1.406902978722722,1.1265120504989958,-0.37512230576202565,-1.2752384041393132,-0.2896177045260068,2.19413798245874,-0.012668610691780852,-0.29498346078680077,0.002951553473145502,0.21440028003320172,0.3295301916907803,0.50418466
0.28438415794386,-0.9767222744260158,-0.9692341317067846,-0.6361110339942113,-0.7355463591028758,1.3755715631171914,-0.6432742467930781,-0.798617992330763,-0.5638215469828244,-0.5238056070300494,-0.5438457219407257,-0.7107810667284712,1.1265120504989958,-0.37512230576202565,-1.4897071384175775,-0.2896177045260068,-0.45575985101876076,-0.012668610691780852,-0.29498346078680077,-0.0007941120689854903,-0.4294862752477462,0.3295301916907803,0.7311576
-0.541885768321106,-0.9876483937568822,-0.9692341317067846,-0.6361110339942113,1.3595336141962153,-0.7269705385112015,-0.6432742467930781,-0.798617992330763,-0.5638215469828244,-0.5238056070300494,-0.5438457219407257,1.406902978722722,-0.8876957859057464,-0.37512230576202565,-0.23425758730654225,-0.2896177045260068,-0.45575985101876076,-0.012668610691780852,-0.29498346078680077,-0.020192158780036443,-0.4294862752477462,0.3295301916907803,0.5310727
0.6975191210763432,-0.7831676062796235,-0.9692341317067846,-0.6361110339942113,1.3595336141962153,-0.7269705385112015,-0.6432742467930781,-0.798617992330763,-0.5638215469828244,-0.5238056070300494,1.8387567643843508,-0.7107810667284712,1.1265120504989958,-0.37512230576202565,-1.240917766451391,-0.2896177045260068,-0.45575985101876076,-0.012668610691780852,-0.29498346078680077,0.0033636769868932593,-0.4294862752477462,-1.7344599573418695,0.6253737
0.684245708606223,-0.9714347347498333,-0.9692341317067846,-0.6361110339942113,-0.7355463591028758,1.3755715631171914,-0.6432742467930781,1.2521631238002848,-0.5638215469828244,1.9091051844021834,-0.5438457219407257,-0.7107810667284712,1.1265120504989958,-0.37512230576202565,-1.4829106933207907,-0.2896177045260068,-0.45575985101876076,-0.012668610691780852,-0.29498346078680077,0.0017592595969709037,0.21440028003320172,0.3295301916907803,0.80252844
0.8302532457775426,-0.2856342567493877,-0.9692341317067846,-0.6361110339942113,-0.7355463591028758,-0.7269705385112015,-0.6432742467930781,1.2521631238002848,-0.5638215469828244,-0.5238056070300494,-0.5438457219407257,1.406902978722722,1.1265120504989958,-0.37512230576202565,-0.6014033039624759,-0.2896177045260068,-0.45575985101876076,-0.012668610691780852,-0.29498346078680077,0.007607623362029348,-0.4294862752477462,0.3295301916907803,0.5479432
0.7771595958970625,-0.9702060948250775,-0.9692341317067846,-0.6361110339942113,-0.7355463591028758,-0.7269705385112015,-0.6432742467930781,1.2521631238002848,-0.5638215469828244,-0.5238056070300494,-0.5438457219407257,1.406902978722722,1.1265120504989958,-0.37512230576202565,-1.4813314363688406,-0.2896177045260068,-0.45575985101876076,-0.012668610691780852,-0.29498346078680077,0.002188058364620137,-0.4294862752477462,0.3295301916907803,0.8298709
1.3860773929638148,-0.4587627861467105,-0.9692341317067846,-0.6361110339942113,1.3595336141962153,1.3755715631171914,-0.6432742467930781,1.2521631238002848,-0.5638215469828244,-0.5238056070300494,-0.5438457219407257,1.406902978722722,1.1265120504989958,2.6657972203721507,-0.8239375291024869,-0.2896177045260068,-0.45575985101876076,-0.012668610691780852,-0.29498346078680077,0.007104353237415053,0.8582868353141496,0.3295301916907803,0.5908719
1.0028076078891017,-0.5712052792605465,-0.9692341317067846,-0.6361110339942113,-0.7355463591028758,-0.7269705385112015,-0.6432742467930781,1.2521631238002848,-0.5638215469828244,-0.5238056070300494,-0.5438457219407257,-0.7107810667284712,1.1265120504989958,-0.37512230576202565,-0.9684677412229478,-0.2896177045260068,-0.45575985101876076,-0.012668610691780852,-0.29498346078680077,0.005812451147756271,-0.4294862752477462,0.3295301916907803,0.64686555
0.8451858348064276,-0.8524760620350591,-0.9692341317067846,-0.6361110339942113,-0.7355463591028758,1.3755715631171914,1.5545469214496157,-0.798617992330763,-0.5638215469828244,-0.5238056070300494,-0.5438457219407257,1.406902978722722,1.1265120504989958,-0.37512230576202565,-1.3300047791515932,-0.2896177045260068,-0.45575985101876076,-0.012668610691780852,-0.29498346078680077,0.003354780289041892,0.21440028003320172,0.3295301916907803,0.6631447
0.38891228114605475,-0.8625904014156403,-0.9692341317067846,-0.6361110339942113,1.3595336141962153,-0.7269705385112015,-0.6432742467930781,-0.798617992330763,-0.5638215469828244,-0.5238056070300494,-0.5438457219407257,-0.7107810667284712,1.1265120504989958,-0.37512230576202565,-1.3430054479881848,-0.2896177045260068,-0.45575985101876076,-0.012668610691780852,-0.29498346078680077,0.0011437597751201263,-0.4294862752477462,0.3295301916907803,0.5674336
0.17985603474166537,-0.9478711761929047,-0.9692341317067846,-0.6361110339942113,-0.7355463591028758,-0.7269705385112015,-0.6432742467930781,-0.798617992330763,-0.5638215469828244,-0.5238056070300494,-0.5438457219407257,1.406902978722722,1.1265120504989958,-0.37512230576202565,-1.452622801063742,-0.2896177045260068,-0.45575985101876076,-0.012668610691780852,-0.29498346078680077,-0.0013907309776597036,-1.073372830528694,0.3295301916907803,0.579307
0.7904330083671827,-0.1817703031101878,1.0317424524031547,-0.6361110339942113,-0.7355463591028758,1.3755715631171914,-0.6432742467930781,1.2521631238002848,-0.5638215469828244,-0.5238056070300494,-0.5438457219407257,1.406902978722722,1.1265120504989958,-0.37512230576202565,-0.4678996894886688,-0.2896177045260068,-0.45575985101876076,-0.012668610691780852,-0.29498346078680077,0.008365779599880697,0.21440028003320172,0.3295301916907803,0.5292926
0.15994591603648564,-0.9455455363353307,-0.9692341317067846,-0.6361110339942113,-0.7355463591028758,-0.7269705385112015,-0.6432742467930781,-0.798617992330763,-0.5638215469828244,-0.5238056070300494,-0.5438457219407257,-0.7107810667284712,1.1265120504989958,-0.37512230576202565,-1.449633493261836,-0.2896177045260068,-0.45575985101876076,-0.012668610691780852,-0.29498346078680077,-0.0015545516857833,-1.073372830528694,0.3295301916907803,0.5367885
0.1533092098014256,-0.978455534319868,-0.9692341317067846,-0.6361110339942113,-0.7355463591028758,-0.7269705385112015,-0.6432742467930781,-0.798617992330763,-0.5638215469828244,-0.5238056070300494,-0.5438457219407257,1.406902978722722,1.1265120504989958,-0.37512230576202565,-1.4919350187605074,-0.2896177045260068,-0.45575985101876076,-0.012668610691780852,-0.29498346078680077,-0.0020164288463880645,-1.073372830528694,0.3295301916907803,0.91089904
0.6659947664598083,-0.9716760747350534,-0.9692341317067846,-0.6361110339942113,-0.7355463591028758,1.3755715631171914,-0.6432742467930781,-0.798617992330763,-0.5638215469828244,-0.5238056070300494,-0.5438457219407257,1.406902978722722,1.1265120504989958,-0.37512230576202565,-1.4832209045077809,-0.2896177045260068,-0.45575985101876076,-0.012668610691780852,-0.29498346078680077,0.0016694110651618876,-0.4294862752477462,0.3295301916907803,0.80354244
1.1786803231181908,-0.297043056050694,1.0317424524031547,-0.6361110339942113,-0.7355463591028758,1.3755715631171914,-0.6432742467930781,1.2521631238002848,-0.5638215469828244,1.9091051844021834,-0.5438457219407257,-0.7107810667284712,1.1265120504989958,-0.37512230576202565,-0.6160678328020153,-0.2896177045260068,-0.45575985101876076,-0.012668610691780852,-0.29498346078680077,0.007881777658508287,0.21440028003320172,0.3295301916907803,0.5241368
0.9945117250952769,-0.5487387206364357,-0.9692341317067846,-0.6361110339942113,-0.7355463591028758,1.3755715631171914,-0.6432742467930781,1.2521631238002848,-0.5638215469828244,-0.5238056070300494,-0.5438457219407257,1.406902978722722,1.1265120504989958,-0.37512230576202565,-0.9395898998158547,-0.2896177045260068,-0.45575985101876076,-0.012668610691780852,-0.29498346078680077,0.005952544716378742,0.21440028003320172,0.3295301916907803,0.7203598
-0.9898634391876538,-0.9788065742983698,1.0317424524031547,-0.6361110339942113,-0.7355463591028758,-0.7269705385112015,-0.6432742467930781,-0.798617992330763,-0.5638215469828244,-0.5238056070300494,-0.5438457219407257,1.406902978722722,-0.8876957859057464,-0.37512230576202565,-0.23425758730654225,-0.2896177045260068,-0.45575985101876076,-0.012668610691780852,-0.29498346078680077,-1.332533521530556,-1.073372830528694,0.3295301916907803,0.6014262
0.8518225410414871,-0.5613103398665289,1.0317424524031547,-0.6361110339942113,-0.7355463591028758,-0.7269705385112015,-0.6432742467930781,1.2521631238002848,-0.5638215469828244,-0.5238056070300494,-0.5438457219407257,1.406902978722722,1.1265120504989958,-0.37512230576202565,-0.9557490825563472,-0.2896177045260068,-0.45575985101876076,-0.012668610691780852,-0.29498346078680077,0.005563482300996929,-0.4294862752477462,0.3295301916907803,0.6737811
0.8236165395424825,-0.7418326488110445,1.0317424524031547,-0.6361110339942113,1.3595336141962153,-0.7269705385112015,1.5545469214496157,1.2521631238002848,-0.5638215469828244,-0.5238056070300494,-0.5438457219407257,1.406902978722722,1.1265120504989958,-0.37512230576202565,-1.1877870504250596,-0.2896177045260068,-0.45575985101876076,-0.012668610691780852,-0.29498346078680077,0.004122229301464699,0.8582868353141496,0.3295301916907803,0.59189284
0.7638861834269428,-0.7797669064878879,-0.9692341317067846,-0.6361110339942113,-0.7355463591028758,-0.7269705385112015,1.5545469214496157,-0.798617992330763,-0.5638215469828244,-0.5238056070300494,-0.5438457219407257,-0.7107810667284712,1.1265120504989958,-0.37512230576202565,-1.2365466088165284,-0.2896177045260068,-0.45575985101876076,-0.012668610691780852,-0.29498346078680077,0.003631783986407151,-0.4294862752477462,0.3295301916907803,0.5728077
0.5266239355235488,-0.6960658116138813,-0.9692341317067846,-0.6361110339942113,-0.7355463591028758,-0.7269705385112015,-0.6432742467930781,-0.798617992330763,-0.5638215469828244,-0.5238056070300494,-0.5438457219407257,1.406902978722722,1.1265120504989958,-0.37512230576202565,-1.1289597289649074,-0.2896177045260068,-0.45575985101876076,-0.012668610691780852,-0.29498346078680077,0.0034388682072449294,-1.073372830528694,0.3295301916907803,0.57377523
1.1338825560315358,-0.3830697907822746,-0.9692341317067846,1.5720525923295021,1.3595336141962153,-0.7269705385112015,-0.6432742467930781,1.2521631238002848,-0.5638215469828244,1.9091051844021834,-0.5438457219407257,-0.7107810667284712,1.1265120504989958,2.6657972203721507,-0.7266440204555424,-0.2896177045260068,-0.45575985101876076,-0.012668610691780852,-0.29498346078680077,0.007281574150352752,0.8582868353141496,0.3295301916907803,0.5669225
1.108994907650061,0.09473949995589505,-0.9692341317067846,-0.6361110339942113,-0.7355463591028758,1.3755715631171914,-0.6432742467930781,1.2521631238002848,-0.5638215469828244,-0.5238056070300494,-0.5438457219407257,1.406902978722722,1.1265120504989958,-0.37512230576202565,-0.11248227224883116,-0.2896177045260068,-0.45575985101876076,-0.012668610691780852,-0.29498346078680077,0.010401511196312677,0.21440028003320172,0.3295301916907803,0.61436903
0.8269348926600123,-0.38370605074330905,-0.9692341317067846,-0.6361110339942113,1.3595336141962153,-0.7269705385112015,-0.6432742467930781,-0.798617992330763,-0.5638215469828244,-0.5238056070300494,-0.5438457219407257,1.406902978722722,1.1265120504989958,-0.37512230576202565,-0.7274618499485168,-0.2896177045260068,-0.45575985101876076,-0.012668610691780852,-0.29498346078680077,0.006857461319468943,-0.4294862752477462,0.3295301916907803,0.5227674
0.33084110158928,-0.9444046564052001,-0.9692341317067846,-0.6361110339942113,-0.7355463591028758,-0.7269705385112015,-0.6432742467930781,-0.798617992330763,-0.5638215469828244,1.9091051844021834,-0.5438457219407257,-0.7107810667284712,1.1265120504989958,-0.37512230576202565,-1.448167040377882,-0.2896177045260068,-0.45575985101876076,-0.012668610691780852,-0.29498346078680077,-8.752730623457411e-05,-1.073372830528694,0.3295301916907803,0.5653916
0.4868036981131889,-0.9233861376924088,-0.9692341317067846,-0.6361110339942113,-0.7355463591028758,-0.7269705385112015,-0.6432742467930781,-0.798617992330763,-0.5638215469828244,-0.5238056070300494,-0.5438457219407257,1.406902978722722,1.1265120504989958,-0.37512230576202565,-1.4211504660927305,-0.2896177045260068,-0.45575985101876076,-0.012668610691780852,-0.29498346078680077,0.0011437614708149624,-1.073372830528694,0.3295301916907803,0.66373676
0.15496838636019047,-0.9179669580242884,-0.9692341317067846,-0.6361110339942113,-0.7355463591028758,-0.7269705385112015,-0.6432742467930781,-0.798617992330763,-0.5638215469828244,-0.5238056070300494,1.8387567643843508,-0.7107810667284712,1.1265120504989958,-0.37512230576202565,-1.4141848148939493,-0.2896177045260068,-0.45575985101876076,-0.012668610691780852,-0.29498346078680077,-0.0012714555842373706,-1.073372830528694,-2.089715373763725,0.5314407
0.5166688761709589,-0.9736506746141257,-0.9692341317067846,-0.6361110339942113,-0.7355463591028758,-0.7269705385112015,-0.6432742467930781,-0.798617992330763,-0.5638215469828244,-0.5238056070300494,-0.5438457219407257,1.406902978722722,1.1265120504989958,-0.37512230576202565,-1.4857589960377013,-0.2896177045260068,-0.45575985101876076,-0.012668610691780852,-0.29498346078680077,0.0008530627816348518,-1.073372830528694,0.3295301916907803,0.81461746
0.8451858348064276,-0.891178219664875,-0.9692341317067846,-0.6361110339942113,1.3595336141962153,1.3755715631171914,-0.6432742467930781,-0.798617992330763,-0.5638215469828244,-0.5238056070300494,-0.5438457219407257,1.406902978722722,1.1265120504989958,-0.37512230576202565,-1.3797513731380306,-0.2896177045260068,-0.45575985101876076,-0.012668610691780852,-0.29498346078680077,0.0030632109650075624,0.21440028003320172,0.3295301916907803,0.6908855
0.8352307754538373,-0.6505622544005942,-0.9692341317067846,-0.6361110339942113,-0.7355463591028758,1.3755715631171914,-0.6432742467930781,1.2521631238002848,-0.5638215469828244,-0.5238056070300494,-0.5438457219407257,1.406902978722722,1.1265120504989958,-0.37512230576202565,-1.0704708197087442,-0.2896177045260068,-0.45575985101876076,-0.012668610691780852,-0.29498346078680077,0.004849346757930603,0.21440028003320172,0.3295301916907803,0.6689138
0.20308450656437535,-0.8015752651523079,-0.9692341317067846,-0.6361110339942113,-0.7355463591028758,-0.7269705385112015,-0.6432742467930781,-0.798617992330763,-0.5638215469828244,-0.5238056070300494,-0.5438457219407257,1.406902978722722,1.1265120504989958,-0.37512230576202565,-1.2645784197136478,-0.2896177045260068,-0.45575985101876076,-0.012668610691780852,-0.29498346078680077,0.0005152643321300049,-1.073372830528694,0.3295301916907803,0.5498941
1.5420399894877244,-0.4898517642427702,-0.9692341317067846,-0.6361110339942113,1.3595336141962153,1.3755715631171914,1.5545469214496157,1.2521631238002848,-0.5638215469828244,-0.5238056070300494,-0.5438457219407257,1.406902978722722,1.1265120504989958,-0.37512230576202565,-0.863898370190232,-0.2896177045260068,-0.45575985101876076,-0.012668610691780852,-0.29498346078680077,0.007098323760179022,1.5021733905950976,0.3295301916907803,0.6059067
0.531601465199844,-0.9338734570501481,-0.9692341317067846,-0.6361110339942113,-0.7355463591028758,-0.7269705385112015,-0.6432742467930781,-0.798617992330763,-0.5638215469828244,-0.5238056070300494,-0.5438457219407257,1.406902978722722,1.1265120504989958,-0.37512230576202565,-1.4346305522183072,-0.2896177045260068,-0.45575985101876076,-0.012668610691780852,-0.29498346078680077,0.0013010920738956997,-1.073372830528694,0.3295301916907803,0.66373676
0.15828673947772076,-0.7576075078449661,-0.9692341317067846,-0.6361110339942113,-0.7355463591028758,-0.7269705385112015,-0.6432742467930781,-0.798617992330763,-0.5638215469828244,-0.5238056070300494,-0.5438457219407257,1.406902978722722,1.1265120504989958,-0.37512230576202565,-1.208063581647423,-0.2896177045260068,-0.45575985101876076,-0.012668610691780852,-0.29498346078680077,0.0006847295288227547,-1.073372830528694,0.3295301916907803,0.513352
-0.3195561094465972,-0.9612984553705959,-0.9692341317067846,-0.6361110339942113,-0.7355463591028758,-0.7269705385112015,-0.6432742467930781,-0.798617992330763,-0.5638215469828244,-0.5238056070300494,-0.5438457219407257,1.406902978722722,-0.8876957859057464,-0.37512230576202565,-0.23425758730654225,-0.2896177045260068,-0.45575985101876076,-0.012668610691780852,-0.29498346078680077,-0.009861643411479005,-1.073372830528694,0.3295301916907803,0.54218525
0.8269348926600123,-0.9017094190199271,-0.9692341317067846,-0.6361110339942113,-0.7355463591028758,1.3755715631171914,1.5545469214496157,1.2521631238002848,-0.5638215469828244,-0.5238056070300494,1.8387567643843508,-0.7107810667284712,1.1265120504989958,-0.37512230576202565,-1.3932878612976058,-0.2896177045260068,-0.45575985101876076,-0.012668610691780852,-0.29498346078680077,0.0029160089949269636,0.8582868353141496,-2.0468696277401905,0.6599565
0.19147027065302058,-0.9522811159228328,-0.9692341317067846,-0.6361110339942113,-0.7355463591028758,-0.7269705385112015,-0.6432742467930781,-0.798617992330763,-0.5638215469828244,-0.5238056070300494,1.8387567643843508,-0.7107810667284712,1.1265120504989958,-0.37512230576202565,-1.4582912054805643,-0.2896177045260068,-0.45575985101876076,-0.012668610691780852,-0.29498346078680077,-0.0013333207149429536,-1.073372830528694,-2.1801482304179864,0.57264686
0.6527213539896881,-0.8509622021277704,-0.9692341317067846,-0.6361110339942113,-0.7355463591028758,-0.7269705385112015,-0.6432742467930781,-0.798617992330763,-0.5638215469828244,-0.5238056070300494,-0.5438457219407257,1.406902978722722,1.1265120504989958,-0.37512230576202565,-1.328058908978654,-0.2896177045260068,-0.45575985101876076,-0.012668610691780852,-0.29498346078680077,0.0026196197801267983,-1.073372830528694,0.3295301916907803,0.6777523
1.35123468522975,-0.8141907643797139,-0.9692341317067846,-0.6361110339942113,1.3595336141962153,1.3755715631171914,1.5545469214496157,1.2521631238002848,-0.5638215469828244,-0.5238056070300494,-0.5438457219407257,1.406902978722722,1.1265120504989958,-0.37512230576202565,-1.2807940044881387,3.452827587445375,-0.45575985101876076,-0.006892515050765345,3.3900205704168256,0.004963377387323071,1.5021733905950976,0.3295301916907803,0.5647662
0.8120023036311277,-0.13071592623684225,-0.9692341317067846,-0.6361110339942113,1.3595336141962153,1.3755715631171914,-0.6432742467930781,1.2521631238002848,-0.5638215469828244,-0.5238056070300494,-0.5438457219407257,1.406902978722722,1.1265120504989958,-0.37512230576202565,-0.40227592293172987,-0.2896177045260068,-0.45575985101876076,-0.012668610691780852,-0.29498346078680077,0.008774249431905915,0.8582868353141496,0.3295301916907803,0.50403315
0.9480547814498569,-0.8500407221842033,-0.9692341317067846,-0.6361110339942113,1.3595336141962153,-0.7269705385112015,1.5545469214496157,-0.798617992330763,-0.5638215469828244,-0.5238056070300494,-0.5438457219407257,1.406902978722722,1.1265120504989958,-0.37512230576202565,-1.3268744662646914,-0.2896177045260068,-0.45575985101876076,-0.012668610691780852,-0.29498346078680077,0.0037112930042138346,0.21440028003320172,0.3295301916907803,0.65200007
0.1931294472117855,-0.941025896612121,-0.9692341317067846,-0.6361110339942113,-0.7355463591028758,-0.7269705385112015,-0.6432742467930781,-0.798617992330763,-0.5638215469828244,-0.5238056070300494,-0.5438457219407257,1.406902978722722,1.1265120504989958,-0.37512230576202565,-1.4438240837600185,-0.2896177045260068,-0.45575985101876076,-0.012668610691780852,-0.29498346078680077,-0.0011867371753449835,-1.073372830528694,0.3295301916907803,0.58442914
0.5000771105833091,-0.9738700746006892,1.0317424524031547,-0.6361110339942113,-0.7355463591028758,-0.7269705385112015,-0.6432742467930781,-0.798617992330763,-0.5638215469828244,-0.5238056070300494,-0.5438457219407257,1.406902978722722,1.1265120504989958,-0.37512230576202565,-1.4860410062076925,-0.2896177045260068,-0.45575985101876076,-0.012668610691780852,-0.29498346078680077,0.0007523248515371122,-1.073372830528694,0.3295301916907803,0.81461746
0.17819685818290046,-0.9457868763205507,-0.9692341317067846,-0.6361110339942113,-0.7355463591028758,-0.7269705385112015,-0.6432742467930781,-0.798617992330763,-0.5638215469828244,-0.5238056070300494,-0.5438457219407257,1.406902978722722,1.1265120504989958,-0.37512230576202565,-1.4499437044488261,-0.2896177045260068,-0.45575985101876076,-0.012668610691780852,-0.29498346078680077,-0.0013818660985236125,-1.073372830528694,0.3295301916907803,0.579307
0.6792681789299283,-0.822089163896003,-0.9692341317067846,-0.6361110339942113,-0.7355463591028758,-0.7269705385112015,1.5545469214496157,-0.798617992330763,-0.5638215469828244,1.9091051844021834,-0.5438457219407257,-0.7107810667284712,1.1265120504989958,-0.37512230576202565,-1.2909463706078197,-0.2896177045260068,-0.45575985101876076,-0.012668610691780852,-0.29498346078680077,0.002971780289744167,-0.4294862752477462,0.3295301916907803,0.6049157
-1.3233579274994174,-0.9979821331240268,1.0317424524031547,-0.6361110339942113,-0.7355463591028758,-0.7269705385112015,-0.6432742467930781,-0.798617992330763,-0.5638215469828244,-0.5238056070300494,-0.5438457219407257,1.406902978722722,-0.8876957859057464,-0.37512230576202565,-0.23425758730654225,-0.2896177045260068,-0.45575985101876076,-0.012668610691780852,-0.29498346078680077,0.05267989216597025,-1.073372830528694,0.3295301916907803,0.55882984
1.0442870218582265,-0.31514355494218954,-0.9692341317067846,-0.6361110339942113,-0.7355463591028758,-0.7269705385112015,-0.6432742467930781,1.2521631238002848,-0.5638215469828244,-0.5238056070300494,-0.5438457219407257,1.406902978722722,1.1265120504989958,-0.37512230576202565,-0.6393336718262846,-0.2896177045260068,-0.45575985101876076,-0.012668610691780852,-0.29498346078680077,0.007634098169233486,-0.4294862752477462,0.3295301916907803,0.62807804
0.6294928821669786,-0.7906491458214416,-0.9692341317067846,-0.6361110339942113,-0.7355463591028758,1.3755715631171914,-0.6432742467930781,-0.798617992330763,-0.5638215469828244,-0.5238056070300494,-0.5438457219407257,1.406902978722722,1.1265120504989958,-0.37512230576202565,-1.250534313248089,-0.2896177045260068,-0.45575985101876076,-0.012668610691780852,-0.29498346078680077,0.003032114320222789,-0.4294862752477462,0.3295301916907803,0.654032
-0.4705411762942114,-0.9867049738146588,-0.9692341317067846,-0.6361110339942113,1.3595336141962153,-0.7269705385112015,-0.6432742467930781,-0.798617992330763,-0.5638215469828244,-0.5238056070300494,-0.5438457219407257,1.406902978722722,-0.8876957859057464,-0.37512230576202565,-0.23425758730654225,-0.2896177045260068,-0.45575985101876076,-0.012668610691780852,-0.29498346078680077,-0.01612903677418,-0.4294862752477462,0.3295301916907803,0.5310727
1.1637477340893059,0.44810511831520067,-0.9692341317067846,-0.6361110339942113,1.3595336141962153,-0.7269705385112015,-0.6432742467930781,1.2521631238002848,-0.5638215469828244,-0.5238056070300494,-0.5438457219407257,1.406902978722722,1.1265120504989958,-0.37512230576202565,0.34172330753890373,-0.2896177045260068,-0.45575985101876076,-0.012668610691780852,-0.29498346078680077,0.012655911176499354,0.21440028003320172,0.3295301916907803,0.5309879
0.3125901594428647,-0.8925384995815693,-0.9692341317067846,-0.6361110339942113,-0.7355463591028758,-0.7269705385112015,-0.6432742467930781,-0.798617992330763,-0.5638215469828244,-0.5238056070300494,-0.5438457219407257,1.406902978722722,1.1265120504989958,-0.37512230576202565,-1.381499836191976,-0.2896177045260068,-0.45575985101876076,-0.012668610691780852,-0.29498346078680077,0.0003246003692230581,-1.073372830528694,0.3295301916907803,0.59024477
0.8468450113651924,-0.45340942647455923,-0.9692341317067846,-0.6361110339942113,-0.7355463591028758,-0.7269705385112015,-0.6432742467930781,1.2521631238002848,-0.5638215469828244,1.9091051844021834,-0.5438457219407257,-0.7107810667284712,1.1265120504989958,-0.37512230576202565,-0.8170564809547031,-0.2896177045260068,-0.45575985101876076,-0.012668610691780852,-0.29498346078680077,0.006364285778239991,-0.4294862752477462,0.3295301916907803,0.508225
1.0193993734767517,-0.6675438133606156,-0.9692341317067846,-0.6361110339942113,-0.7355463591028758,-0.7269705385112015,-0.6432742467930781,1.2521631238002848,-0.5638215469828244,-0.5238056070300494,-0.5438457219407257,-0.7107810667284712,1.1265120504989958,-0.37512230576202565,-1.0922984068660588,-0.2896177045260068,-0.45575985101876076,-0.012668610691780852,-0.29498346078680077,0.005181855519458174,-0.4294862752477462,0.3295301916907803,0.6621002
0.22299462526955555,-0.977534054376301,-0.9692341317067846,-0.6361110339942113,-0.7355463591028758,-0.7269705385112015,-0.6432742467930781,-0.798617992330763,-0.5638215469828244,-0.5238056070300494,-0.5438457219407257,1.406902978722722,1.1265120504989958,-0.37512230576202565,-1.4907505760465445,-0.2896177045260068,-0.45575985101876076,-0.012668610691780852,-0.29498346078680077,-0.0013339701633441924,-1.073372830528694,0.3295301916907803,0.769839
1.130564202914006,-0.43778814743123207,-0.9692341317067846,-0.6361110339942113,-0.7355463591028758,-0.7269705385112015,1.5545469214496157,1.2521631238002848,-0.5638215469828244,-0.5238056070300494,1.8387567643843508,-0.7107810667284712,1.1265120504989958,-0.37512230576202565,-0.7969773568513336,-0.2896177045260068,-0.45575985101876076,-0.012668610691780852,-0.29498346078680077,0.006920673491827044,0.21440028003320172,-0.8242335958000636,0.574746
1.1654069106480707,0.5180498340316708,1.0317424524031547,-0.6361110339942113,-0.7355463591028758,1.3755715631171914,-0.6432742467930781,1.2521631238002848,-0.5638215469828244,-0.5238056070300494,-0.5438457219407257,1.406902978722722,1.1265120504989958,-0.37512230576202565,0.43162814973208014,-0.2896177045260068,-0.45575985101876076,-0.012668610691780852,-0.29498346078680077,0.013102721691163936,0.21440028003320172,0.3295301916907803,0.58396584
1.1405192622665958,-0.6058265971402799,-0.9692341317067846,-0.6361110339942113,1.3595336141962153,-0.7269705385112015,-0.6432742467930781,1.2521631238002848,-0.5638215469828244,1.9091051844021834,-0.5438457219407257,-0.7107810667284712,1.1265120504989958,-0.37512230576202565,-1.0129689460475502,-0.2896177045260068,-0.45575985101876076,-0.012668610691780852,-0.29498346078680077,0.005842677621219135,0.21440028003320172,0.3295301916907803,0.7232884
0.3822755749109947,-0.9754278145052907,-0.9692341317067846,-0.6361110339942113,-0.7355463591028758,-0.7269705385112015,-0.6432742467930781,-0.798617992330763,-0.5638215469828244,-0.5238056070300494,-0.5438457219407257,1.406902978722722,1.1265120504989958,-0.37512230576202565,-1.4880432784146296,-0.2896177045260068,-0.45575985101876076,-0.012668610691780852,-0.29498346078680077,-3.245439987712698e-05,-1.073372830528694,0.3295301916907803,0.7982061
0.7340210053691728,-0.6745646129306502,-0.9692341317067846,-0.6361110339942113,-0.7355463591028758,-0.7269705385112015,-0.6432742467930781,1.2521631238002848,-0.5638215469828244,-0.5238056070300494,-0.5438457219407257,1.406902978722722,1.1265120504989958,-0.37512230576202565,-1.1013227323057753,-0.2896177045260068,-0.45575985101876076,-0.012668610691780852,-0.29498346078680077,0.0043693124873995185,-0.4294862752477462,0.3295301916907803,0.6371878
1.0509237280932862,-0.880888360295043,-0.9692341317067846,-0.6361110339942113,-0.7355463591028758,-0.7269705385112015,-0.6432742467930781,1.2521631238002848,-0.5638215469828244,-0.5238056070300494,-0.5438457219407257,1.406902978722722,1.1265120504989958,-0.37512230576202565,-1.3665250961654463,-0.2896177045260068,-0.45575985101876076,-0.012668610691780852,-0.29498346078680077,0.003806452450845272,-0.4294862752477462,0.3295301916907803,0.7512539
0.1649234457127808,-0.9783019543292736,-0.9692341317067846,-0.6361110339942113,-0.7355463591028758,-0.7269705385112015,-0.6432742467930781,-0.798617992330763,-0.5638215469828244,-0.5238056070300494,-0.5438457219407257,1.406902978722722,1.1265120504989958,-0.37512230576202565,-1.4917376116415135,-0.2896177045260068,-0.45575985101876076,-0.012668610691780852,-0.29498346078680077,-0.001897015663143718,-1.073372830528694,0.3295301916907803,0.85893065
1.339620449318395,-0.7697403271019322,1.0317424524031547,-0.6361110339942113,1.3595336141962153,1.3755715631171914,-0.6432742467930781,1.2521631238002848,-0.5638215469828244,-0.5238056070300494,-0.5438457219407257,1.406902978722722,1.1265120504989958,2.6657972203721507,-1.2236587440479332,-0.2896177045260068,-0.45575985101876076,-0.012668610691780852,-0.29498346078680077,0.005203587021808562,0.8582868353141496,0.3295301916907803,0.73558354
1.1255866732377109,0.9941039248773316,1.0317424524031547,-0.6361110339942113,-0.7355463591028758,1.3755715631171914,-0.6432742467930781,1.2521631238002848,-0.5638215469828244,-0.5238056070300494,-0.5438457219407257,1.406902978722722,1.1265120504989958,-0.37512230576202565,1.0435338165788621,-0.2896177045260068,-0.45575985101876076,-0.012668610691780852,-0.29498346078680077,0.016278347435976004,0.21440028003320172,0.3295301916907803,0.5608666
1.1952720887058408,-0.8641920213175543,-0.9692341317067846,-0.6361110339942113,-0.7355463591028758,1.3755715631171914,-0.6432742467930781,1.2521631238002848,-0.5638215469828244,-0.5238056070300494,-0.5438457219407257,1.406902978722722,1.1265120504989958,-0.37512230576202565,-1.34506412222912,-0.2896177045260068,-0.45575985101876076,-0.012668610691780852,-0.29498346078680077,0.0043047700935518185,0.21440028003320172,0.3295301916907803,0.7758958
0.34411451405939963,-0.9759324344743868,-0.9692341317067846,-0.6361110339942113,-0.7355463591028758,1.3755715631171914,-0.6432742467930781,-0.798617992330763,-0.5638215469828244,-0.5238056070300494,-0.5438457219407257,1.406902978722722,1.1265120504989958,-0.37512230576202565,-1.488691901805609,-0.2896177045260068,-0.45575985101876076,-0.012668610691780852,-0.29498346078680077,-0.000316177249534892,-0.4294862752477462,0.3295301916907803,0.77734196
0.675949825812398,-0.8927798395667892,-0.9692341317067846,-0.6361110339942113,-0.7355463591028758,-0.7269705385112015,-0.6432742467930781,-0.798617992330763,-0.5638215469828244,-0.5238056070300494,-0.5438457219407257,1.406902978722722,1.1265120504989958,-0.37512230576202565,-1.381810047378966,-0.2896177045260068,-0.45575985101876076,-0.012668610691780852,-0.29498346078680077,0.002371968170261589,-1.073372830528694,0.3295301916907803,0.6777523
0.32918192503051463,-0.7577830278342169,-0.9692341317067846,-0.6361110339942113,-0.7355463591028758,-0.7269705385112015,-0.6432742467930781,-0.798617992330763,-0.5638215469828244,-0.5238056070300494,-0.5438457219407257,1.406902978722722,1.1265120504989958,-0.37512230576202565,-1.2082891897834158,-0.2896177045260068,-0.45575985101876076,-0.012668610691780852,-0.29498346078680077,0.00185190960235605,-1.073372830528694,0.3295301916907803,0.5387558
1.170384440324366,0.30031728736597174,-0.9692341317067846,-0.6361110339942113,1.3595336141962153,-0.7269705385112015,-0.6432742467930781,1.2521631238002848,-0.5638215469828244,-0.5238056070300494,-0.5438457219407257,1.406902978722722,1.1265120504989958,-0.37512230576202565,0.1517612570328699,-0.2896177045260068,-0.45575985101876076,-0.012668610691780852,-0.29498346078680077,0.0117005467088583,0.21440028003320172,0.3295301916907803,0.5223328
0.5166688761709589,-0.8057877448943288,-0.9692341317067846,-0.6361110339942113,-0.7355463591028758,-0.7269705385112015,-0.6432742467930781,1.2521631238002848,-0.5638215469828244,1.9091051844021834,-0.5438457219407257,-0.7107810667284712,1.1265120504989958,-0.37512230576202565,-1.2699930149774779,-0.2896177045260068,-0.45575985101876076,-0.012668610691780852,-0.29498346078680077,0.0023916098550728552,-0.4294862752477462,0.3295301916907803,0.63433504
0.36236545620581445,-0.8963779993464319,1.0317424524031547,-0.6361110339942113,-0.7355463591028758,-0.7269705385112015,-0.6432742467930781,-0.798617992330763,-0.5638215469828244,-0.5238056070300494,-0.5438457219407257,1.406902978722722,1.1265120504989958,-0.37512230576202565,-1.3864350141668207,-0.2896177045260068,-0.45575985101876076,-0.012668610691780852,-0.29498346078680077,0.0006307779320319662,-1.073372830528694,0.3295301916907803,0.6042131
1.0193993734767517,-0.967002855021249,-0.9692341317067846,-0.6361110339942113,-0.7355463591028758,-0.7269705385112015,-0.6432742467930781,1.2521631238002848,-0.5638215469828244,-0.5238056070300494,1.8387567643843508,-0.7107810667284712,1.1265120504989958,-0.37512230576202565,-1.4772140878869697,-0.2896177045260068,-0.45575985101876076,-0.012668610691780852,-0.29498346078680077,0.0031204569149032727,-0.4294862752477462,-2.2189464700695267,0.82811356
0.491781227789484,-0.6714930131187601,1.0317424524031547,-0.6361110339942113,-0.7355463591028758,-0.7269705385112015,-0.6432742467930781,-0.798617992330763,-0.5638215469828244,-0.5238056070300494,-0.5438457219407257,1.406902978722722,1.1265120504989958,-0.37512230576202565,-1.0973745899258993,-0.2896177045260068,-0.45575985101876076,-0.012668610691780852,-0.29498346078680077,0.0035198100129224604,-1.073372830528694,0.3295301916907803,0.57377523
1.1571110278542458,-0.8146515043514976,-0.9692341317067846,-0.6361110339942113,1.3595336141962153,1.3755715631171914,-0.6432742467930781,1.2521631238002848,-0.5638215469828244,1.9091051844021834,-0.5438457219407257,-0.7107810667284712,1.1265120504989958,2.6657972203721507,-1.2813862258451203,-0.2896177045260068,-0.45575985101876076,-0.012668610691780852,-0.29498346078680077,0.004527213762493601,0.8582868353141496,0.3295301916907803,0.7409003
0.8468450113651924,-0.07992482934737294,1.0317424524031547,-0.6361110339942113,-0.7355463591028758,-0.7269705385112015,-0.6432742467930781,1.2521631238002848,-0.5638215469828244,-0.5238056070300494,-0.5438457219407257,1.406902978722722,1.1265120504989958,-0.37512230576202565,-0.33699056857878024,-0.2896177045260068,-0.45575985101876076,-0.012668610691780852,-0.29498346078680077,0.009175468077698527,-0.4294862752477462,0.3295301916907803,0.5479432
0.6178786462556234,-0.4257430881688914,-0.9692341317067846,-0.6361110339942113,1.3595336141962153,-0.7269705385112015,-0.6432742467930781,1.2521631238002848,-0.5638215469828244,-0.5238056070300494,-0.5438457219407257,1.406902978722722,1.1265120504989958,-0.37512230576202565,-0.7814949985188199,-0.2896177045260068,-0.45575985101876076,-0.012668610691780852,-0.29498346078680077,0.006119014697793238,0.21440028003320172,0.3295301916907803,0.51256454
-0.49376964811692137,-0.9870121337958477,-0.9692341317067846,-0.6361110339942113,-0.7355463591028758,-0.7269705385112015,-0.6432742467930781,-0.798617992330763,-0.5638215469828244,-0.5238056070300494,-0.5438457219407257,1.406902978722722,-0.8876957859057464,-0.37512230576202565,-0.23425758730654225,-0.2896177045260068,-0.45575985101876076,-0.012668610691780852,-0.29498346078680077,-0.01732617706242709,-1.073372830528694,0.3295301916907803,0.57229775
0.3507512202944597,-0.9121747983790099,-0.9692341317067846,-0.6361110339942113,-0.7355463591028758,-0.7269705385112015,-0.6432742467930781,-0.798617992330763,-0.5638215469828244,-0.5238056070300494,-0.5438457219407257,1.406902978722722,1.1265120504989958,-0.37512230576202565,-1.406739746406183,-0.2896177045260068,-0.45575985101876076,-0.012668610691780852,-0.29498346078680077,0.0003895649855197803,-1.073372830528694,0.3295301916907803,0.595467
0.47187110908430435,-0.9742430545778473,-0.9692341317067846,-0.6361110339942113,1.3595336141962153,-0.7269705385112015,-0.6432742467930781,-0.798617992330763,-0.5638215469828244,-0.5238056070300494,1.8387567643843508,-0.7107810667284712,1.1265120504989958,-0.37512230576202565,-1.4865204234966776,-0.2896177045260068,-0.45575985101876076,-0.012668610691780852,-0.29498346078680077,0.0005758580808488055,-0.4294862752477462,-2.2380275715374975,0.77383375
0.8534817176002525,-0.8475176223387221,-0.9692341317067846,1.5720525923295021,-0.7355463591028758,-0.7269705385112015,-0.6432742467930781,1.2521631238002848,-0.5638215469828244,-0.5238056070300494,-0.5438457219407257,1.406902978722722,1.1265120504989958,-0.37512230576202565,-1.323631349309793,-0.2896177045260068,-0.45575985101876076,-0.012668610691780852,-0.29498346078680077,0.0034207134016827367,0.21440028003320172,0.3295301916907803,0.54088634
0.13837662077254057,-0.9786529943077753,-0.9692341317067846,-0.6361110339942113,-0.7355463591028758,-0.7269705385112015,-0.6432742467930781,-0.798617992330763,-0.5638215469828244,-0.5238056070300494,-0.5438457219407257,1.406902978722722,1.1265120504989958,-0.37512230576202565,-1.4921888279134996,-0.2896177045260068,-0.45575985101876076,-0.012668610691780852,-0.29498346078680077,-0.0021735404145070297,-1.073372830528694,0.3295301916907803,0.91089904
0.3125901594428647,-0.6429271348681815,1.0317424524031547,-0.6361110339942113,-0.7355463591028758,-0.7269705385112015,-0.6432742467930781,-0.798617992330763,-0.5638215469828244,-0.5238056070300494,-0.5438457219407257,1.406902978722722,1.1265120504989958,-0.37512230576202565,-1.0606568657930524,-0.2896177045260068,-0.45575985101876076,-0.012668610691780852,-0.29498346078680077,0.0029681165632812817,-1.073372830528694,0.3295301916907803,0.52047706
0.8568000707177823,-0.7841987862164723,1.0317424524031547,-0.6361110339942113,1.3595336141962153,-0.7269705385112015,-0.6432742467930781,-0.798617992330763,-0.5638215469828244,-0.5238056070300494,-0.5438457219407257,1.406902978722722,1.1265120504989958,-0.37512230576202565,-1.2422432142503494,-0.2896177045260068,-0.45575985101876076,-0.012668610691780852,-0.29498346078680077,0.003906112557499747,-0.4294862752477462,0.3295301916907803,0.67603976
0.20142533000561044,-0.9778192743588338,-0.9692341317067846,-0.6361110339942113,-0.7355463591028758,-0.7269705385112015,-0.6432742467930781,-0.798617992330763,-0.5638215469828244,-0.5238056070300494,-0.5438457219407257,1.406902978722722,1.1265120504989958,-0.37512230576202565,-1.491117189267533,-0.2896177045260068,-0.45575985101876076,-0.012668610691780852,-0.29498346078680077,-0.0015367474939839672,-1.073372830528694,0.3295301916907803,0.76739556
0.6610172367835131,-0.9717418947310225,-0.9692341317067846,-0.6361110339942113,-0.7355463591028758,1.3755715631171914,-0.6432742467930781,1.2521631238002848,-0.5638215469828244,-0.5238056070300494,-0.5438457219407257,1.406902978722722,1.1265120504989958,-0.37512230576202565,-1.4833055075587784,-0.2896177045260068,-0.45575985101876076,-0.012668610691780852,-0.29498346078680077,0.0016445642422567744,0.21440028003320172,0.3295301916907803,0.8298709
0.4602568731729491,-0.9743966345684417,1.0317424524031547,-0.6361110339942113,-0.7355463591028758,-0.7269705385112015,-0.6432742467930781,1.2521631238002848,-0.5638215469828244,-0.5238056070300494,-0.5438457219407257,1.406902978722722,1.1265120504989958,-0.37512230576202565,-1.486717830615671,-0.2896177045260068,-0.45575985101876076,-0.012668610691780852,-0.29498346078680077,0.000501213826835578,-0.4294862752477462,0.3295301916907803,0.8243409
0.5116913464946637,-0.8740869607115719,1.0317424524031547,-0.6361110339942113,-0.7355463591028758,-0.7269705385112015,-0.6432742467930781,1.2521631238002848,-0.5638215469828244,-0.5238056070300494,-0.5438457219407257,1.406902978722722,1.1265120504989958,-0.37512230576202565,-1.3577827808957206,-0.2896177045260068,-0.45575985101876076,-0.012668610691780852,-0.29498346078680077,0.0017392344559264232,-0.4294862752477462,0.3295301916907803,0.6816216
-0.9865450860701238,-0.9611668153786579,-0.9692341317067846,-0.6361110339942113,-0.7355463591028758,-0.7269705385112015,-0.6432742467930781,1.2521631238002848,-0.5638215469828244,1.9091051844021834,-0.5438457219407257,-0.7107810667284712,-0.8876957859057464,-0.37512230576202565,-0.23425758730654225,-0.2896177045260068,-0.45575985101876076,-0.012668610691780852,-0.29498346078680077,-0.9832580668450578,-0.4294862752477462,0.3295301916907803,0.508929
0.6892232382825182,-0.9344658370138698,-0.9692341317067846,-0.6361110339942113,-0.7355463591028758,-0.7269705385112015,-0.6432742467930781,-0.798617992330763,-0.5638215469828244,-0.5238056070300494,-0.5438457219407257,1.406902978722722,1.1265120504989958,-0.37512230576202565,-1.4353919796772832,-0.2896177045260068,-0.45575985101876076,-0.012668610691780852,-0.29498346078680077,0.0020871110616772935,-1.073372830528694,0.3295301916907803,0.6852316
0.6460846477546285,-0.7648477074015644,-0.9692341317067846,-0.6361110339942113,1.3595336141962153,-0.7269705385112015,-0.6432742467930781,-0.798617992330763,-0.5638215469828244,-0.5238056070300494,-0.5438457219407257,1.406902978722722,1.1265120504989958,-0.37512230576202565,-1.2173699172571306,-0.2896177045260068,-0.45575985101876076,-0.012668610691780852,-0.29498346078680077,0.0033179907836160516,-0.4294862752477462,0.3295301916907803,0.6195035
0.3573879265295198,-0.9757569144851361,-0.9692341317067846,-0.6361110339942113,1.3595336141962153,-0.7269705385112015,-0.6432742467930781,-0.798617992330763,-0.5638215469828244,-0.5238056070300494,-0.5438457219407257,1.406902978722722,1.1265120504989958,-0.37512230576202565,-1.4884662936696165,-0.2896177045260068,-0.45575985101876076,-0.012668610691780852,-0.29498346078680077,-0.00021568163363178507,-0.4294862752477462,0.3295301916907803,0.761289
0.6328112352845083,-0.8225937838650992,-0.9692341317067846,-0.6361110339942113,-0.7355463591028758,-0.7269705385112015,-0.6432742467930781,1.2521631238002848,-0.5638215469828244,-0.5238056070300494,-0.5438457219407257,1.406902978722722,1.1265120504989958,-0.37512230576202565,-1.2915949939987994,-0.2896177045260068,-0.45575985101876076,-0.012668610691780852,-0.29498346078680077,0.002773859692615164,-0.4294862752477462,0.3295301916907803,0.7071474
0.1516500332426607,-0.9784774743185245,-0.9692341317067846,-0.6361110339942113,-0.7355463591028758,-0.7269705385112015,-0.6432742467930781,-0.798617992330763,-0.5638215469828244,-0.5238056070300494,-0.5438457219407257,-0.7107810667284712,1.1265120504989958,-0.37512230576202565,-1.4919632197775066,-0.2896177045260068,-0.45575985101876076,-0.012668610691780852,-0.29498346078680077,-0.002033684487409104,-1.073372830528694,0.3295301916907803,0.8926177
1.3744631570524597,0.548436732170727,-0.9692341317067846,-0.6361110339942113,1.3595336141962153,1.3755715631171914,-0.6432742467930781,1.2521631238002848,-0.5638215469828244,-0.5238056070300494,-0.5438457219407257,1.406902978722722,1.1265120504989958,2.6657972203721507,0.4706865582758535,-0.2896177045260068,-0.45575985101876076,-0.012668610691780852,-0.29498346078680077,0.012987814654241855,0.8582868353141496,0.3295301916907803,0.509144
0.3524103968532246,-0.9360016369198149,-0.9692341317067846,-0.6361110339942113,-0.7355463591028758,-0.7269705385112015,-0.6432742467930781,-0.798617992330763,-0.5638215469828244,-0.5238056070300494,-0.5438457219407257,1.406902978722722,1.1265120504989958,-0.37512230576202565,-1.437366050867221,-0.2896177045260068,-0.45575985101876076,-0.012668610691780852,-0.29498346078680077,0.00015617286525607005,-1.073372830528694,0.3295301916907803,0.6039242
0.3325002781480449,-0.5540482003112744,-0.9692341317067846,-0.6361110339942113,-0.7355463591028758,-0.7269705385112015,-0.6432742467930781,-0.798617992330763,-0.5638215469828244,-0.5238056070300494,-0.5438457219407257,1.406902978722722,1.1265120504989958,-0.37512230576202565,-0.9464145459296405,-0.2896177045260068,-0.45575985101876076,-0.012668610691780852,-0.29498346078680077,0.003997065604481188,-1.073372830528694,0.3295301916907803,0.53482866
0.29765757041398017,-0.8857370999980982,-0.9692341317067846,-0.6361110339942113,-0.7355463591028758,1.3755715631171914,-0.6432742467930781,-0.798617992330763,-0.5638215469828244,-0.5238056070300494,-0.5438457219407257,1.406902978722722,1.1265120504989958,-0.37512230576202565,-1.3727575209222505,-0.2896177045260068,-0.45575985101876076,-0.012668610691780852,-0.29498346078680077,0.00028868704245284813,-0.4294862752477462,0.3295301916907803,0.5810188
0.5000771105833091,-0.9030916389352774,1.0317424524031547,-0.6361110339942113,1.3595336141962153,-0.7269705385112015,1.5545469214496157,-0.798617992330763,-0.5638215469828244,-0.5238056070300494,-0.5438457219407257,1.406902978722722,1.1265120504989958,-0.37512230576202565,-1.3950645253685496,-0.2896177045260068,-0.45575985101876076,-0.012668610691780852,-0.29498346078680077,0.0014082195792273014,0.21440028003320172,0.3295301916907803,0.6085715
0.8601184238353121,-0.9691090948922595,-0.9692341317067846,-0.6361110339942113,1.3595336141962153,-0.7269705385112015,-0.6432742467930781,-0.798617992330763,-0.5638215469828244,1.9091051844021834,-0.5438457219407257,-0.7107810667284712,1.1265120504989958,-0.37512230576202565,-1.4799213855188846,-0.2896177045260068,-0.45575985101876076,-0.012668610691780852,-0.29498346078680077,0.00253471567331938,-0.4294862752477462,0.3295301916907803,0.80112416
-0.47883705908803637,-0.9868146738079406,-0.9692341317067846,-0.6361110339942113,-0.7355463591028758,1.3755715631171914,-0.6432742467930781,-0.798617992330763,-0.5638215469828244,-0.5238056070300494,-0.5438457219407257,1.406902978722722,-0.8876957859057464,-0.37512230576202565,-0.23425758730654225,-0.2896177045260068,-0.45575985101876076,-0.012668610691780852,-0.29498346078680077,-0.016544336524164056,-0.4294862752477462,0.3295301916907803,0.5942666
0.33084110158928,-0.7937207456333317,-0.9692341317067846,-0.6361110339942113,-0.7355463591028758,1.3755715631171914,-0.6432742467930781,-0.798617992330763,-0.5638215469828244,-0.5238056070300494,-0.5438457219407257,1.406902978722722,1.1265120504989958,-0.37512230576202565,-1.254482455627965,-0.2896177045260068,-0.45575985101876076,-0.012668610691780852,-0.29498346078680077,0.0014864100476450375,-0.4294862752477462,0.3295301916907803,0.56047344
0.19976615344684556,-0.9484416161579701,-0.9692341317067846,-0.6361110339942113,-0.7355463591028758,-0.7269705385112015,-0.6432742467930781,-0.798617992330763,-0.5638215469828244,-0.5238056070300494,-0.5438457219407257,1.406902978722722,1.1265120504989958,-0.37512230576202565,-1.4533560275057191,-0.2896177045260068,-0.45575985101876076,-0.012668610691780852,-0.29498346078680077,-0.0012120109537991197,-1.073372830528694,0.3295301916907803,0.58442914
0.6344704118432732,-0.9273353374505533,-0.9692341317067846,-0.6361110339942113,-0.7355463591028758,-0.7269705385112015,-0.6432742467930781,-0.798617992330763,-0.5638215469828244,-0.5238056070300494,-0.5438457219407257,1.406902978722722,1.1265120504989958,-0.37512230576202565,-1.426226649152571,-0.2896177045260068,-0.45575985101876076,-0.012668610691780852,-0.29498346078680077,0.0018901513018141744,-1.073372830528694,0.3295301916907803,0.6852316
0.17321932850660576,-0.9237591176695671,-0.9692341317067846,-0.6361110339942113,-0.7355463591028758,-0.7269705385112015,-0.6432742467930781,-0.798617992330763,-0.5638215469828244,-0.5238056070300494,-0.5438457219407257,1.406902978722722,1.1265120504989958,-0.37512230576202565,-1.4216298833817156,-0.2896177045260068,-0.45575985101876076,-0.012668610691780852,-0.29498346078680077,-0.0011682108024436391,-1.073372830528694,0.3295301916907803,0.579307
0.9663057235962718,-0.7813465863911457,1.0317424524031547,-0.6361110339942113,1.3595336141962153,1.3755715631171914,-0.6432742467930781,1.2521631238002848,-0.5638215469828244,-0.5238056070300494,1.8387567643843508,-0.7107810667284712,1.1265120504989958,-0.37512230576202565,-1.2385770820404647,-0.2896177045260068,-0.45575985101876076,-0.012668610691780852,-0.29498346078680077,0.004253235499124054,0.8582868353141496,-1.7296607712150764,0.6683536
-0.6580281274346554,-0.9891841936628273,-0.9692341317067846,-0.6361110339942113,-0.7355463591028758,-0.7269705385112015,-0.6432742467930781,-0.798617992330763,-0.5638215469828244,-0.5238056070300494,-0.5438457219407257,1.406902978722722,-0.8876957859057464,-0.37512230576202565,-0.23425758730654225,-0.2896177045260068,-0.45575985101876076,-0.012668610691780852,-0.29498346078680077,-0.030432896697219457,-1.073372830528694,0.3295301916907803,0.57229775
0.42873251855641414,-0.8776851204912147,-0.9692341317067846,-0.6361110339942113,-0.7355463591028758,-0.7269705385112015,-0.6432742467930781,1.2521631238002848,-0.5638215469828244,-0.5238056070300494,-0.5438457219407257,1.406902978722722,1.1265120504989958,-0.37512230576202565,-1.3624077476835754,-0.2896177045260068,-0.45575985101876076,-0.012668610691780852,-0.29498346078680077,0.0012375126685804797,-0.4294862752477462,0.3295301916907803,0.66954654
0.1682417988303106,-0.9782580743319609,1.0317424524031547,-0.6361110339942113,-0.7355463591028758,-0.7269705385112015,-0.6432742467930781,-0.798617992330763,-0.5638215469828244,-0.5238056070300494,-0.5438457219407257,1.406902978722722,1.1265120504989958,-0.37512230576202565,-1.4916812096075154,-0.2896177045260068,-0.45575985101876076,-0.012668610691780852,-0.29498346078680077,-0.0018633337113067691,-1.073372830528694,0.3295301916907803,0.7665826
1.2500249151450853,0.7502627798105662,1.0317424524031547,-0.6361110339942113,1.3595336141962153,1.3755715631171914,-0.6432742467930781,1.2521631238002848,-0.5638215469828244,-0.5238056070300494,-0.5438457219407257,1.406902978722722,1.1265120504989958,2.6657972203721507,0.7301077136507057,-0.2896177045260068,-0.45575985101876076,-0.012668610691780852,-0.29498346078680077,0.014412301055790942,0.8582868353141496,0.3295301916907803,0.50231886
1.153792674736716,0.29309902780802977,-0.9692341317067846,-0.6361110339942113,1.3595336141962153,-0.7269705385112015,-0.6432742467930781,1.2521631238002848,-0.5638215469828244,-0.5238056070300494,-0.5438457219407257,1.406902978722722,1.1265120504989958,-0.37512230576202565,0.14248312244016115,-0.2896177045260068,-0.45575985101876076,-0.012668610691780852,-0.29498346078680077,0.01166877621310465,0.21440028003320172,0.3295301916907803,0.5361149
0.4785078153193639,-0.9741552945832219,1.0317424524031547,-0.6361110339942113,-0.7355463591028758,-0.7269705385112015,-0.6432742467930781,1.2521631238002848,-0.5638215469828244,-0.5238056070300494,-0.5438457219407257,-0.7107810667284712,1.1265120504989958,-0.37512230576202565,-1.486407619428681,-0.2896177045260068,-0.45575985101876076,-0.012668610691780852,-0.29498346078680077,0.0006179854140719322,-0.4294862752477462,0.3295301916907803,0.7931597
0.33084110158928,-0.9492753361069115,-0.9692341317067846,-0.6361110339942113,-0.7355463591028758,-0.7269705385112015,-0.6432742467930781,-0.798617992330763,-0.5638215469828244,-0.5238056070300494,1.8387567643843508,-0.7107810667284712,1.1265120504989958,-0.37512230576202565,-1.4544276661516853,-0.2896177045260068,-0.45575985101876076,-0.012668610691780852,-0.29498346078680077,-0.00013840297492433317,-1.073372830528694,-2.172226682232798,0.58701086
0.9712832532725668,-0.9239346376588178,-0.9692341317067846,-0.6361110339942113,-0.7355463591028758,-0.7269705385112015,-0.6432742467930781,1.2521631238002848,-0.5638215469828244,-0.5238056070300494,-0.5438457219407257,-0.7107810667284712,1.1265120504989958,-0.37512230576202565,-1.4218554915177084,-0.2896177045260068,-0.45575985101876076,-0.012668610691780852,-0.29498346078680077,0.0032616860524691802,-0.4294862752477462,0.3295301916907803,0.70816725
0.09357885368588595,-0.9577880555855786,-0.9692341317067846,-0.6361110339942113,-0.7355463591028758,-0.7269705385112015,-0.6432742467930781,-0.798617992330763,-0.5638215469828244,-0.5238056070300494,-0.5438457219407257,1.406902978722722,1.1265120504989958,-0.37512230576202565,-1.4653696607473417,-0.2896177045260068,-0.45575985101876076,-0.012668610691780852,-0.29498346078680077,-0.0023978644056446854,-1.073372830528694,0.3295301916907803,0.67334855
0.6659947664598083,-0.9716760747350534,-0.9692341317067846,-0.6361110339942113,1.3595336141962153,-0.7269705385112015,-0.6432742467930781,-0.798617992330763,-0.5638215469828244,-0.5238056070300494,-0.5438457219407257,1.406902978722722,1.1265120504989958,-0.37512230576202565,-1.4832209045077809,-0.2896177045260068,-0.45575985101876076,-0.012668610691780852,-0.29498346078680077,0.0016694110651618876,-0.4294862752477462,0.3295301916907803,0.79979026
0.3358186312655747,-0.8965315793370264,-0.9692341317067846,-0.6361110339942113,-0.7355463591028758,-0.7269705385112015,-0.6432742467930781,-0.798617992330763,-0.5638215469828244,1.9091051844021834,-0.5438457219407257,-0.7107810667284712,1.1265120504989958,-0.37512230576202565,-1.3866324212858145,-0.2896177045260068,-0.45575985101876076,-0.012668610691780852,-0.29498346078680077,0.0004474150739478395,-1.073372830528694,0.3295301916907803,0.5567155
0.1699009753890755,-0.8761932005825824,1.0317424524031547,-0.6361110339942113,-0.7355463591028758,-0.7269705385112015,-0.6432742467930781,-0.798617992330763,-0.5638215469828244,-0.5238056070300494,-0.5438457219407257,1.406902978722722,1.1265120504989958,-0.37512230576202565,-1.3604900785276357,-0.2896177045260068,-0.45575985101876076,-0.012668610691780852,-0.29498346078680077,-0.0006340675977888596,-1.073372830528694,0.3295301916907803,0.56538916
0.3590471030882847,-0.7429515887425188,-0.9692341317067846,-0.6361110339942113,-0.7355463591028758,-0.7269705385112015,-0.6432742467930781,-0.798617992330763,-0.5638215469828244,-0.5238056070300494,-0.5438457219407257,1.406902978722722,1.1265120504989958,-0.37512230576202565,-1.1892253022920145,-0.2896177045260068,-0.45575985101876076,-0.012668610691780852,-0.29498346078680077,0.00217776883115003,-1.073372830528694,0.3295301916907803,0.5531506
0.3242043953542199,-0.9363965568956293,-0.9692341317067846,-0.6361110339942113,1.3595336141962153,-0.7269705385112015,-0.6432742467930781,-0.798617992330763,-0.5638215469828244,-0.5238056070300494,-0.5438457219407257,1.406902978722722,1.1265120504989958,-0.37512230576202565,-1.437873669173205,-0.2896177045260068,-0.45575985101876076,-0.012668610691780852,-0.29498346078680077,-5.290089609623479e-05,-0.4294862752477462,0.3295301916907803,0.5585467
0.32918192503051463,-0.7960463854909057,1.0317424524031547,-0.6361110339942113,-0.7355463591028758,-0.7269705385112015,-0.6432742467930781,-0.798617992330763,-0.5638215469828244,-0.5238056070300494,-0.5438457219407257,1.406902978722722,1.1265120504989958,-0.37512230576202565,-1.257471763429871,-0.2896177045260068,-0.45575985101876076,-0.012668610691780852,-0.29498346078680077,0.0014517387845014661,-1.073372830528694,0.3295301916907803,0.56981677
0.2594965095623851,-0.8695453809897058,-0.9692341317067846,-0.6361110339942113,1.3595336141962153,-0.7269705385112015,-0.6432742467930781,-0.798617992330763,-0.5638215469828244,-0.5238056070300494,-0.5438457219407257,1.406902978722722,1.1265120504989958,-0.37512230576202565,-1.351945170376904,-0.2896177045260068,-0.45575985101876076,-0.012668610691780852,-0.29498346078680077,0.0001799096798277923,-0.4294862752477462,0.3295301916907803,0.53383803
0.4668935794080092,-0.8759518605973624,-0.9692341317067846,-0.6361110339942113,-0.7355463591028758,-0.7269705385112015,-0.6432742467930781,1.2521631238002848,-0.5638215469828244,-0.5238056070300494,-0.5438457219407257,1.406902978722722,1.1265120504989958,-0.37512230576202565,-1.3601798673406456,-0.2896177045260068,-0.45575985101876076,-0.012668610691780852,-0.29498346078680077,0.0014760930717425639,-0.4294862752477462,0.3295301916907803,0.6816216
0.4984179340245441,-0.5511301804899787,-0.9692341317067846,-0.6361110339942113,-0.7355463591028758,-0.7269705385112015,-0.6432742467930781,-0.798617992330763,-0.5638215469828244,-0.5238056070300494,-0.5438457219407257,-0.7107810667284712,1.1265120504989958,-0.37512230576202565,-0.9426638106687582,-0.2896177045260068,-0.45575985101876076,-0.012668610691780852,-0.29498346078680077,0.004664146295425232,-1.073372830528694,0.3295301916907803,0.5259406
0.9679649001550366,-0.7012436512967818,-0.9692341317067846,-0.6361110339942113,-0.7355463591028758,-0.7269705385112015,-0.6432742467930781,1.2521631238002848,-0.5638215469828244,-0.5238056070300494,-0.5438457219407257,1.406902978722722,1.1265120504989958,-0.37512230576202565,-1.1356151689766982,-0.2896177045260068,-0.45575985101876076,-0.012668610691780852,-0.29498346078680077,0.004823712005430182,-0.4294862752477462,0.3295301916907803,0.69835836
0.15662756291895585,-0.5511740604872915,-0.9692341317067846,-0.6361110339942113,-0.7355463591028758,-0.7269705385112015,-0.6432742467930781,-0.798617992330763,-0.5638215469828244,-0.5238056070300494,-0.5438457219407257,1.406902978722722,1.1265120504989958,-0.37512230576202565,-0.9427202127027564,-0.2896177045260068,-0.45575985101876076,-0.012668610691780852,-0.29498346078680077,0.0031527239255142395,-1.073372830528694,0.3295301916907803,0.50940555
-0.6945300117274853,-0.9896668736332671,-0.9692341317067846,-0.6361110339942113,-0.7355463591028758,-0.7269705385112015,-0.6432742467930781,-0.798617992330763,-0.5638215469828244,-0.5238056070300494,-0.5438457219407257,1.406902978722722,-0.8876957859057464,-0.37512230576202565,-0.23425758730654225,-0.2896177045260068,-0.45575985101876076,-0.012668610691780852,-0.29498346078680077,-0.035259716968701206,-1.073372830528694,0.3295301916907803,0.5705008
0.6859048851649879,-0.6518567143213194,1.0317424524031547,-0.6361110339942113,-0.7355463591028758,-0.7269705385112015,-0.6432742467930781,1.2521631238002848,-0.5638215469828244,-0.5238056070300494,-0.5438457219407257,1.406902978722722,1.1265120504989958,-0.37512230576202565,-1.072134679711692,-0.2896177045260068,-0.45575985101876076,-0.012668610691780852,-0.29498346078680077,0.004402210818809894,-0.4294862752477462,0.3295301916907803,0.6371878
0.8153206567486575,-0.04530351146763959,-0.9692341317067846,-0.6361110339942113,1.3595336141962153,-0.7269705385112015,-0.6432742467930781,1.2521631238002848,-0.5638215469828244,-0.5238056070300494,-0.5438457219407257,1.406902978722722,1.1265120504989958,-0.37512230576202565,-0.2924893637541778,-0.2896177045260068,-0.45575985101876076,-0.012668610691780852,-0.29498346078680077,0.009430137749047949,0.21440028003320172,0.3295301916907803,0.50403315
0.3474328671769299,-0.7750717467754272,1.0317424524031547,-0.6361110339942113,-0.7355463591028758,-0.7269705385112015,-0.6432742467930781,-0.798617992330763,-0.5638215469828244,-0.5238056070300494,-0.5438457219407257,1.406902978722722,1.1265120504989958,-0.37512230576202565,-1.230511591178718,-0.2896177045260068,-0.45575985101876076,-0.012668610691780852,-0.29498346078680077,0.0017808934335857435,-1.073372830528694,0.3295301916907803,0.5493711
0.3142493360016301,-0.9142810382500202,-0.9692341317067846,-0.6361110339942113,-0.7355463591028758,-0.7269705385112015,-0.6432742467930781,-0.798617992330763,-0.5638215469828244,-0.5238056070300494,-0.5438457219407257,-0.7107810667284712,1.1265120504989958,-0.37512230576202565,-1.409447044038098,-0.2896177045260068,-0.45575985101876076,-0.012668610691780852,-0.29498346078680077,0.00010655936761664854,-1.073372830528694,0.3295301916907803,0.5567155
0.8120023036311277,-0.5120989228803174,-0.9692341317067846,-0.6361110339942113,1.3595336141962153,1.3755715631171914,1.5545469214496157,-0.798617992330763,-0.5638215469828244,-0.5238056070300494,-0.5438457219407257,1.406902978722722,1.1265120504989958,-0.37512230576202565,-0.8924942014273338,-0.2896177045260068,-0.45575985101876076,-0.012668610691780852,-0.29498346078680077,0.0058484176991518266,0.8582868353141496,0.3295301916907803,0.52262014
0.1682417988303106,-0.9418157365637497,-0.9692341317067846,-0.6361110339942113,-0.7355463591028758,-0.7269705385112015,-0.6432742467930781,-0.798617992330763,-0.5638215469828244,-0.5238056070300494,-0.5438457219407257,-0.7107810667284712,1.1265120504989958,-0.37512230576202565,-1.4448393203719863,-0.2896177045260068,-0.45575985101876076,-0.012668610691780852,-0.29498346078680077,-0.001429702780603933,-1.073372830528694,0.3295301916907803,0.5367885
0.4967587574657792,-0.8666712411657229,-0.9692341317067846,-0.6361110339942113,-0.7355463591028758,-0.7269705385112015,-0.6432742467930781,-0.798617992330763,-0.5638215469828244,-0.5238056070300494,-0.5438457219407257,1.406902978722722,1.1265120504989958,-0.37512230576202565,-1.3482508371500201,-0.2896177045260068,-0.45575985101876076,-0.012668610691780852,-0.29498346078680077,0.0017279170844012564,-1.073372830528694,0.3295301916907803,0.6509291
0.8435266582476622,-0.8183154841271093,1.0317424524031547,1.5720525923295021,-0.7355463591028758,1.3755715631171914,-0.6432742467930781,-0.798617992330763,-0.5638215469828244,-0.5238056070300494,1.8387567643843508,-0.7107810667284712,1.1265120504989958,-0.37512230576202565,-1.286095795683972,-0.2896177045260068,2.19413798245874,-0.012668610691780852,-0.29498346078680077,0.003606586409181604,0.21440028003320172,-1.8270900317409275,0.51995796
-0.3212152860053621,-0.9847303739355866,-0.9692341317067846,-0.6361110339942113,-0.7355463591028758,-0.7269705385112015,-0.6432742467930781,-0.798617992330763,-0.5638215469828244,-0.5238056070300494,-0.5438457219407257,1.406902978722722,-0.8876957859057464,-0.37512230576202565,-0.23425758730654225,-0.2896177045260068,-0.45575985101876076,-0.012668610691780852,-0.29498346078680077,-0.010389515799726844,-1.073372830528694,0.3295301916907803,0.57229775
0.20142533000561044,-0.9778192743588338,1.0317424524031547,-0.6361110339942113,-0.7355463591028758,-0.7269705385112015,-0.6432742467930781,-0.798617992330763,-0.5638215469828244,-0.5238056070300494,-0.5438457219407257,1.406902978722722,1.1265120504989958,-0.37512230576202565,-1.491117189267533,-0.2896177045260068,-0.45575985101876076,-0.012668610691780852,-0.29498346078680077,-0.0015367474939839672,-1.073372830528694,0.3295301916907803,0.76739556
0.3142493360016301,-0.8744380006900737,1.0317424524031547,-0.6361110339942113,-0.7355463591028758,-0.7269705385112015,-0.6432742467930781,-0.798617992330763,-0.5638215469828244,-0.5238056070300494,1.8387567643843508,-0.7107810667284712,1.1265120504989958,-0.37512230576202565,-1.3582339971677064,-0.2896177045260068,-0.45575985101876076,-0.012668610691780852,-0.29498346078680077,0.0005279854772929688,-1.073372830528694,-1.9749974788775009,0.5567155
1.0011484313303365,-0.9672441950064691,1.0317424524031547,-0.6361110339942113,-0.7355463591028758,-0.7269705385112015,-0.6432742467930781,1.2521631238002848,-0.5638215469828244,-0.5238056070300494,-0.5438457219407257,1.406902978722722,1.1265120504989958,-0.37512230576202565,-1.47752429907396,-0.2896177045260068,-0.45575985101876076,-0.012668610691780852,-0.29498346078680077,0.0030580707129035096,-0.4294862752477462,0.3295301916907803,0.85317206
1.0177401969179865,-0.45025006666804357,-0.9692341317067846,-0.6361110339942113,-0.7355463591028758,-0.7269705385112015,-0.6432742467930781,1.2521631238002848,-0.5638215469828244,-0.5238056070300494,-0.5438457219407257,1.406902978722722,1.1265120504989958,-0.37512230576202565,-0.8129955345068306,-0.2896177045260068,-0.45575985101876076,-0.012668610691780852,-0.29498346078680077,0.006675100857342999,-0.4294862752477462,0.3295301916907803,0.6241693
0.6676539430185732,-0.971654134736397,-0.9692341317067846,-0.6361110339942113,-0.7355463591028758,-0.7269705385112015,-0.6432742467930781,-0.798617992330763,-0.5638215469828244,-0.5238056070300494,-0.5438457219407257,1.406902978722722,1.1265120504989958,-0.37512230576202565,-1.483192703490782,-0.2896177045260068,-0.45575985101876076,-0.012668610691780852,-0.29498346078680077,0.0016776603787754792,-1.073372830528694,0.3295301916907803,0.80947524
0.3092718063253349,-0.9763931744461705,-0.9692341317067846,-0.6361110339942113,-0.7355463591028758,-0.7269705385112015,-0.6432742467930781,-0.798617992330763,-0.5638215469828244,-0.5238056070300494,1.8387567643843508,-0.7107810667284712,1.1265120504989958,-0.37512230576202565,-1.4892841231625908,-0.2896177045260068,-0.45575985101876076,-0.012668610691780852,-0.29498346078680077,-0.0005896730045584929,-1.073372830528694,-2.243694080458289,0.7467522
0.3607062796470496,-0.9384369767706706,-0.9692341317067846,-0.6361110339942113,-0.7355463591028758,1.3755715631171914,-0.6432742467930781,-0.798617992330763,-0.5638215469828244,-0.5238056070300494,-0.5438457219407257,1.406902978722722,1.1265120504989958,-0.37512230576202565,-1.4404963637541228,-0.2896177045260068,-0.45575985101876076,-0.012668610691780852,-0.29498346078680077,0.00018994943532642087,-0.4294862752477462,0.3295301916907803,0.60871094
1.3412796258771598,-0.8671319811375064,-0.9692341317067846,-0.6361110339942113,1.3595336141962153,1.3755715631171914,-0.6432742467930781,1.2521631238002848,-0.5638215469828244,-0.5238056070300494,-0.5438457219407257,-0.7107810667284712,1.1265120504989958,2.6657972203721507,-1.3488430585070015,-0.2896177045260068,-0.45575985101876076,-0.012668610691780852,-0.29498346078680077,0.004628578626437597,0.8582868353141496,0.3295301916907803,0.71349084
0.36236545620581445,-0.6909976719242624,-0.9692341317067846,-0.6361110339942113,-0.7355463591028758,-0.7269705385112015,-0.6432742467930781,-0.798617992330763,-0.5638215469828244,-0.5238056070300494,-0.5438457219407257,1.406902978722722,1.1265120504989958,-0.37512230576202565,-1.1224452940381118,-0.2896177045260068,-0.45575985101876076,-0.012668610691780852,-0.29498346078680077,0.002726395271179403,-1.073372830528694,0.3295301916907803,0.52047706
0.9779199595076269,-0.6328127954876005,-0.9692341317067846,-0.6361110339942113,-0.7355463591028758,-0.7269705385112015,-0.6432742467930781,1.2521631238002848,-0.5638215469828244,-0.5238056070300494,-0.5438457219407257,1.406902978722722,1.1265120504989958,-0.37512230576202565,-1.0476561969564608,-0.2896177045260068,-0.45575985101876076,-0.012668610691780852,-0.29498346078680077,0.00532958167926946,-0.4294862752477462,0.3295301916907803,0.69835836
0.9712832532725668,-0.9354750769520623,1.0317424524031547,-0.6361110339942113,-0.7355463591028758,-0.7269705385112015,1.5545469214496157,1.2521631238002848,-0.5638215469828244,-0.5238056070300494,-0.5438457219407257,1.406902978722722,1.1265120504989958,-0.37512230576202565,-1.4366892264592426,-0.2896177045260068,-0.45575985101876076,-0.012668610691780852,-0.29498346078680077,0.003180305605120221,0.21440028003320172,0.3295301916907803,0.69755507
1.3595305680235752,-0.8621296614438567,1.0317424524031547,-0.6361110339942113,1.3595336141962153,1.3755715631171914,-0.6432742467930781,1.2521631238002848,-0.5638215469828244,-0.5238056070300494,-0.5438457219407257,1.406902978722722,1.1265120504989958,2.6657972203721507,-1.3424132266312034,-0.2896177045260068,-0.45575985101876076,-0.012668610691780852,-0.29498346078680077,0.004697872874709547,0.8582868353141496,0.3295301916907803,0.74158967
0.1533092098014256,-0.9114288384246936,-0.9692341317067846,-0.6361110339942113,-0.7355463591028758,-0.7269705385112015,-0.6432742467930781,-0.798617992330763,-0.5638215469828244,-0.5238056070300494,-0.5438457219407257,-0.7107810667284712,1.1265120504989958,-0.37512230576202565,-1.4057809118282132,-0.2896177045260068,-0.45575985101876076,-0.012668610691780852,-0.29498346078680077,-0.0012085452026136044,-1.073372830528694,0.3295301916907803,0.5314407
0.5282831120823137,-0.3942811300956738,1.0317424524031547,-0.6361110339942113,-0.7355463591028758,-0.7269705385112015,-0.6432742467930781,1.2521631238002848,-0.5638215469828244,-0.5238056070300494,-0.5438457219407257,1.406902978722722,1.1265120504989958,-0.37512230576202565,-0.74105474014209,-0.2896177045260068,-0.45575985101876076,-0.012668610691780852,-0.29498346078680077,0.006190735293096449,-0.4294862752477462,0.3295301916907803,0.5077755
0.3341594547068098,-0.9172209980699723,-0.9692341317067846,-0.6361110339942113,-0.7355463591028758,-0.7269705385112015,-0.6432742467930781,-0.798617992330763,-0.5638215469828244,-0.5238056070300494,1.8387567643843508,-0.7107810667284712,1.1265120504989958,-0.37512230576202565,-1.4132259803159792,-0.2896177045260068,-0.45575985101876076,-0.012668610691780852,-0.29498346078680077,0.00022024312282834706,-1.073372830528694,-2.087749442097328,0.5567155
1.2284556198811407,-0.701441111284689,1.0317424524031547,-0.6361110339942113,-0.7355463591028758,1.3755715631171914,-0.6432742467930781,1.2521631238002848,-0.5638215469828244,-0.5238056070300494,-0.5438457219407257,1.406902978722722,1.1265120504989958,-0.37512230576202565,-1.1358689781296902,-0.2896177045260068,-0.45575985101876076,-0.012668610691780852,-0.29498346078680077,0.005401491004572347,0.21440028003320172,0.3295301916907803,0.7652548
1.138860085707831,-0.7169746303333906,1.0317424524031547,-0.6361110339942113,-0.7355463591028758,1.3755715631171914,-0.6432742467930781,1.2521631238002848,-0.5638215469828244,-0.5238056070300494,-0.5438457219407257,1.406902978722722,1.1265120504989958,-0.37512230576202565,-1.1558352981650633,-0.2896177045260068,-0.45575985101876076,-0.012668610691780852,-0.29498346078680077,0.005117244849195231,0.21440028003320172,0.3295301916907803,0.7993053
-0.9749308501587691,-0.9933747334061916,-0.9692341317067846,-0.6361110339942113,-0.7355463591028758,-0.7269705385112015,-0.6432742467930781,-0.798617992330763,-0.5638215469828244,-0.5238056070300494,-0.5438457219407257,1.406902978722722,-0.8876957859057464,-0.37512230576202565,-0.23425758730654225,-0.2896177045260068,-0.45575985101876076,-0.012668610691780852,-0.29498346078680077,-0.5410563477637067,-1.073372830528694,0.3295301916907803,0.6041054
-0.6497322446408305,-0.9697014748559811,-0.9692341317067846,-0.6361110339942113,-0.7355463591028758,-0.7269705385112015,-0.6432742467930781,-0.798617992330763,-0.5638215469828244,-0.5238056070300494,-0.5438457219407257,1.406902978722722,-0.8876957859057464,-0.37512230576202565,-0.23425758730654225,-0.2896177045260068,-0.45575985101876076,-0.012668610691780852,-0.29498346078680077,-0.02870734029943848,-1.073372830528694,0.3295301916907803,0.54218525
1.099039848297471,-0.696109691611194,-0.9692341317067846,-0.6361110339942113,-0.7355463591028758,1.3755715631171914,-0.6432742467930781,1.2521631238002848,-0.5638215469828244,-0.5238056070300494,-0.5438457219407257,-0.7107810667284712,1.1265120504989958,-0.37512230576202565,-1.1290161309989055,-0.2896177045260068,-0.45575985101876076,-0.012668610691780852,-0.29498346078680077,0.005167024403397972,0.21440028003320172,0.3295301916907803,0.7571432
0.8053655973960676,-0.857061521754238,-0.9692341317067846,-0.6361110339942113,-0.7355463591028758,1.3755715631171914,-0.6432742467930781,1.2521631238002848,-0.5638215469828244,-0.5238056070300494,-0.5438457219407257,1.406902978722722,1.1265120504989958,-0.37512230576202565,-1.3358987917044078,-0.2896177045260068,-0.45575985101876076,-0.012668610691780852,-0.29498346078680077,0.0031778194197446333,0.21440028003320172,0.3295301916907803,0.7071474
-0.6547097743171254,-0.9891403136655146,-0.9692341317067846,-0.6361110339942113,-0.7355463591028758,-0.7269705385112015,-0.6432742467930781,-0.798617992330763,-0.5638215469828244,-0.5238056070300494,-0.5438457219407257,1.406902978722722,-0.8876957859057464,-0.37512230576202565,-0.23425758730654225,-0.2896177045260068,-0.45575985101876076,-0.012668610691780852,-0.29498346078680077,-0.030044699222101484,-1.073372830528694,0.3295301916907803,0.57229775
0.4668935794080092,-0.9459404563111451,-0.9692341317067846,-0.6361110339942113,-0.7355463591028758,-0.7269705385112015,-0.6432742467930781,1.2521631238002848,-0.5638215469828244,-0.5238056070300494,-0.5438457219407257,1.406902978722722,1.1265120504989958,-0.37512230576202565,-1.45014111156782,-0.2896177045260068,-0.45575985101876076,-0.012668610691780852,-0.29498346078680077,0.0008128458544812213,-0.4294862752477462,0.3295301916907803,0.6938329
1.0011484313303365,-0.06002525056605605,-0.9692341317067846,-0.6361110339942113,-0.7355463591028758,-0.7269705385112015,-0.6432742467930781,1.2521631238002848,-0.5638215469828244,-0.5238056070300494,-0.5438457219407257,1.406902978722722,1.1265120504989958,-0.37512230576202565,-0.3114122461605836,-0.2896177045260068,-0.45575985101876076,-0.012668610691780852,-0.29498346078680077,0.009360087739984483,-0.4294862752477462,0.3295301916907803,0.5764209
1.0127626672416916,-0.9670906150158746,-0.9692341317067846,-0.6361110339942113,-0.7355463591028758,-0.7269705385112015,-0.6432742467930781,1.2521631238002848,-0.5638215469828244,-0.5238056070300494,-0.5438457219407257,1.406902978722722,1.1265120504989958,-0.37512230576202565,-1.4773268919549662,-0.2896177045260068,-0.45575985101876076,-0.012668610691780852,-0.29498346078680077,0.0030979019275716164,-0.4294862752477462,0.3295301916907803,0.85317206
0.3109309828840998,-0.976371234447514,1.0317424524031547,-0.6361110339942113,-0.7355463591028758,-0.7269705385112015,-0.6432742467930781,-0.798617992330763,-0.5638215469828244,-0.5238056070300494,-0.5438457219407257,1.406902978722722,1.1265120504989958,-0.37512230576202565,-1.4892559221455914,-0.2896177045260068,-0.45575985101876076,-0.012668610691780852,-0.29498346078680077,-0.0005763197312464612,-1.073372830528694,0.3295301916907803,0.78385305
0.3490920437356948,-0.798020985369978,-0.9692341317067846,-0.6361110339942113,-0.7355463591028758,-0.7269705385112015,-0.6432742467930781,-0.798617992330763,-0.5638215469828244,-0.5238056070300494,1.8387567643843508,-0.7107810667284712,1.1265120504989958,-0.37512230576202565,-1.2600098549597916,-0.2896177045260068,-0.45575985101876076,-0.012668610691780852,-0.29498346078680077,0.0015542588953093787,-1.073372830528694,-1.7736051261110093,0.520682
1.0326727859468714,-0.24515495922840677,-0.9692341317067846,1.5720525923295021,-0.7355463591028758,-0.7269705385112015,-0.6432742467930781,1.2521631238002848,-0.5638215469828244,-0.5238056070300494,-0.5438457219407257,1.406902978722722,1.1265120504989958,-0.37512230576202565,-0.54937242759911,-0.2896177045260068,-0.45575985101876076,-0.012668610691780852,-0.29498346078680077,0.008100491132552182,0.21440028003320172,0.3295301916907803,0.5203964
0.18317438785919563,-0.9780606143440537,1.0317424524031547,-0.6361110339942113,-0.7355463591028758,-0.7269705385112015,-0.6432742467930781,-0.798617992330763,-0.5638215469828244,-0.5238056070300494,1.8387567643843508,-0.7107810667284712,1.1265120504989958,-0.37512230576202565,-1.4914274004545234,-0.2896177045260068,-0.45575985101876076,-0.012668610691780852,-0.29498346078680077,-0.0017141029376551138,-1.073372830528694,-2.2480885159478827,0.724264
0.8435266582476622,-0.026720332605704212,-0.9692341317067846,-0.6361110339942113,-0.7355463591028758,-0.7269705385112015,-0.6432742467930781,1.2521631238002848,-0.5638215469828244,-0.5238056070300494,-0.5438457219407257,1.406902978722722,1.1265120504989958,-0.37512230576202565,-0.26860310235592805,-0.2896177045260068,-0.45575985101876076,-0.012668610691780852,-0.29498346078680077,0.009575571139846641,-0.4294862752477462,0.3295301916907803,0.5479432
0.1649234457127808,-0.9783019543292736,-0.9692341317067846,-0.6361110339942113,-0.7355463591028758,-0.7269705385112015,-0.6432742467930781,-0.798617992330763,-0.5638215469828244,-0.5238056070300494,-0.5438457219407257,1.406902978722722,1.1265120504989958,-0.37512230576202565,-1.4917376116415135,-0.2896177045260068,-0.45575985101876076,-0.012668610691780852,-0.29498346078680077,-0.001897015663143718,-1.073372830528694,0.3295301916907803,0.85893065
-0.3162377563290672,-0.9846645539396174,-0.9692341317067846,-0.6361110339942113,-0.7355463591028758,-0.7269705385112015,-0.6432742467930781,-0.798617992330763,-0.5638215469828244,-0.5238056070300494,-0.5438457219407257,1.406902978722722,-0.8876957859057464,-0.37512230576202565,-0.23425758730654225,-0.2896177045260068,-0.45575985101876076,-0.012668610691780852,-0.29498346078680077,-0.01024137268653719,-1.073372830528694,0.3295301916907803,0.57229775
0.40550404673370466,-0.9751206545241016,-0.9692341317067846,-0.6361110339942113,-0.7355463591028758,-0.7269705385112015,-0.6432742467930781,-0.798617992330763,-0.5638215469828244,-0.5238056070300494,-0.5438457219407257,1.406902978722722,1.1265120504989958,-0.37512230576202565,-1.487648464176642,-0.2896177045260068,-0.45575985101876076,-0.012668610691780852,-0.29498346078680077,0.00013270324572963146,-1.073372830528694,0.3295301916907803,0.806152
0.6245153524906835,-0.9004807790951709,-0.9692341317067846,-0.6361110339942113,1.3595336141962153,-0.7269705385112015,-0.6432742467930781,1.2521631238002848,-0.5638215469828244,-0.5238056070300494,-0.5438457219407257,1.406902978722722,1.1265120504989958,-0.37512230576202565,-1.391708604345655,-0.2896177045260068,-0.45575985101876076,-0.012668610691780852,-0.29498346078680077,0.0020716154200838546,0.21440028003320172,0.3295301916907803,0.685766
0.3524103968532246,-0.8555476618469492,-0.9692341317067846,-0.6361110339942113,-0.7355463591028758,1.3755715631171914,-0.6432742467930781,-0.798617992330763,-0.5638215469828244,1.9091051844021834,-0.5438457219407257,-0.7107810667284712,1.1265120504989958,-0.37512230576202565,-1.333952921531469,-0.2896177045260068,-0.45575985101876076,-0.012668610691780852,-0.29498346078680077,0.0009831352778533473,-0.4294862752477462,0.3295301916907803,0.5473137
0.1898110940942557,-0.9465108962762105,-0.9692341317067846,-0.6361110339942113,-0.7355463591028758,-0.7269705385112015,-0.6432742467930781,-0.798617992330763,-0.5638215469828244,-0.5238056070300494,-0.5438457219407257,1.406902978722722,1.1265120504989958,-0.37512230576202565,-1.450874338009797,-0.2896177045260068,-0.45575985101876076,-0.012668610691780852,-0.29498346078680077,-0.001281398285677407,-1.073372830528694,0.3295301916907803,0.579307
0.3325002781480449,-0.9157729581586526,-0.9692341317067846,-0.6361110339942113,-0.7355463591028758,-0.7269705385112015,-0.6432742467930781,-0.798617992330763,-0.5638215469828244,-0.5238056070300494,-0.5438457219407257,1.406902978722722,1.1265120504989958,-0.37512230576202565,-1.4113647131940377,-0.2896177045260068,-0.45575985101876076,-0.012668610691780852,-0.29498346078680077,0.00022344972539015842,-1.073372830528694,0.3295301916907803,0.595467
0.5183280527297238,-0.9281909973981514,-0.9692341317067846,-0.6361110339942113,-0.7355463591028758,-0.7269705385112015,-0.6432742467930781,-0.798617992330763,-0.5638215469828244,-0.5238056070300494,-0.5438457219407257,1.406902978722722,1.1265120504989958,-0.37512230576202565,-1.4273264888155364,-0.2896177045260068,-0.45575985101876076,-0.012668610691780852,-0.29498346078680077,0.001279019806563126,-1.073372830528694,0.3295301916907803,0.66373676
0.15828673947772076,-0.8699183609668638,-0.9692341317067846,-0.6361110339942113,-0.7355463591028758,-0.7269705385112015,-0.6432742467930781,-0.798617992330763,-0.5638215469828244,-0.5238056070300494,-0.5438457219407257,1.406902978722722,1.1265120504989958,-0.37512230576202565,-1.3524245876658887,-0.2896177045260068,-0.45575985101876076,-0.012668610691780852,-0.29498346078680077,-0.0006631541242507749,-1.073372830528694,0.3295301916907803,0.56538916
0.15496838636019047,-0.9784335943212118,-0.9692341317067846,-0.6361110339942113,-0.7355463591028758,-0.7269705385112015,-0.6432742467930781,-0.798617992330763,-0.5638215469828244,-0.5238056070300494,-0.5438457219407257,1.406902978722722,1.1265120504989958,-0.37512230576202565,-1.4919068177435084,-0.2896177045260068,-0.45575985101876076,-0.012668610691780852,-0.29498346078680077,-0.0019992227827501413,-1.073372830528694,0.3295301916907803,0.91089904
-1.3382905165283023,-0.9981795931119342,-0.9692341317067846,-0.6361110339942113,-0.7355463591028758,-0.7269705385112015,-0.6432742467930781,-0.798617992330763,-0.5638215469828244,-0.5238056070300494,-0.5438457219407257,1.406902978722722,-0.8876957859057464,-0.37512230576202565,-0.23425758730654225,-0.2896177045260068,-0.45575985101876076,-0.012668610691780852,-0.29498346078680077,0.05079421841544229,-1.073372830528694,0.3295301916907803,0.5512361
0.28438415794386,-0.7315647294398688,-0.9692341317067846,-0.6361110339942113,-0.7355463591028758,-0.7269705385112015,-0.6432742467930781,-0.798617992330763,-0.5638215469828244,-0.5238056070300494,-0.5438457219407257,1.406902978722722,1.1265120504989958,-0.37512230576202565,-1.1745889744694742,-0.2896177045260068,-0.45575985101876076,-0.012668610691780852,-0.29498346078680077,0.0018592534920384611,-1.073372830528694,0.3295301916907803,0.5141954
-0.6762790695810705,-0.9324912371347975,-0.9692341317067846,-0.6361110339942113,-0.7355463591028758,-0.7269705385112015,-0.6432742467930781,1.2521631238002848,-0.5638215469828244,-0.5238056070300494,-0.5438457219407257,1.406902978722722,-0.8876957859057464,-0.37512230576202565,-0.23425758730654225,-0.2896177045260068,-0.45575985101876076,-0.012668610691780852,-0.29498346078680077,-0.030265404888423605,-0.4294862752477462,0.3295301916907803,0.50123984
1.1571110278542458,1.1290568566125911,1.0317424524031547,-0.6361110339942113,-0.7355463591028758,1.3755715631171914,-0.6432742467930781,1.2521631238002848,-0.5638215469828244,-0.5238056070300494,-0.5438457219407257,1.406902978722722,1.1265120504989958,-0.37512230576202565,1.2169982721404144,-0.2896177045260068,-0.45575985101876076,-0.012668610691780852,-0.29498346078680077,0.017053010739745866,0.21440028003320172,0.3295301916907803,0.5608666
1.0525829046520516,-0.46288750589410593,-0.9692341317067846,1.5720525923295021,1.3595336141962153,-0.7269705385112015,-0.6432742467930781,1.2521631238002848,-0.5638215469828244,-0.5238056070300494,-0.5438457219407257,1.406902978722722,1.1265120504989958,-0.37512230576202565,-0.8292393202983204,-0.2896177045260068,-0.45575985101876076,-0.012668610691780852,-0.29498346078680077,0.006642170216741741,0.8582868353141496,0.3295301916907803,0.52296895
0.34411451405939963,-0.9759324344743868,-0.9692341317067846,1.5720525923295021,-0.7355463591028758,-0.7269705385112015,-0.6432742467930781,-0.798617992330763,-0.5638215469828244,-0.5238056070300494,1.8387567643843508,-0.7107810667284712,1.1265120504989958,-0.37512230576202565,-1.488691901805609,-0.2896177045260068,-0.45575985101876076,-0.012668610691780852,-0.29498346078680077,-0.000316177249534892,-0.4294862752477462,-2.242479828546691,0.65410054
0.6427662946370982,-0.4348481876112801,1.0317424524031547,-0.6361110339942113,-0.7355463591028758,1.3755715631171914,-0.6432742467930781,1.2521631238002848,-0.5638215469828244,-0.5238056070300494,-0.5438457219407257,1.406902978722722,1.1265120504989958,-0.37512230576202565,-0.7931984205734524,-0.2896177045260068,-0.45575985101876076,-0.012668610691780852,-0.29498346078680077,0.006097386430232586,0.21440028003320172,0.3295301916907803,0.5377879
-0.16857104259898276,-0.9827118940592017,-0.9692341317067846,-0.6361110339942113,-0.7355463591028758,-0.7269705385112015,-0.6432742467930781,1.2521631238002848,-0.5638215469828244,-0.5238056070300494,-0.5438457219407257,1.406902978722722,-0.8876957859057464,-0.37512230576202565,-0.23425758730654225,-0.2896177045260068,-0.45575985101876076,-0.012668610691780852,-0.29498346078680077,-0.006653333923424494,-0.4294862752477462,0.3295301916907803,0.56832033
0.5282831120823137,-0.5663565395574913,-0.9692341317067846,-0.6361110339942113,-0.7355463591028758,-0.7269705385112015,-0.6432742467930781,-0.798617992330763,-0.5638215469828244,-0.5238056070300494,-0.5438457219407257,1.406902978722722,1.1265120504989958,-0.37512230576202565,-0.9622353164661435,-0.2896177045260068,-0.45575985101876076,-0.012668610691780852,-0.29498346078680077,0.004625564402947395,-1.073372830528694,0.3295301916907803,0.5500273
0.6079235869030335,-0.8738017407290394,1.0317424524031547,-0.6361110339942113,-0.7355463591028758,-0.7269705385112015,-0.6432742467930781,1.2521631238002848,-0.5638215469828244,-0.5238056070300494,-0.5438457219407257,1.406902978722722,1.1265120504989958,-0.37512230576202565,-1.3574161676747323,-0.2896177045260068,-0.45575985101876076,-0.012668610691780852,-0.29498346078680077,0.0022227538765639395,-0.4294862752477462,0.3295301916907803,0.7071474
0.17653768162413558,-0.9781483743386791,-0.9692341317067846,-0.6361110339942113,-0.7355463591028758,-0.7269705385112015,-0.6432742467930781,-0.798617992330763,-0.5638215469828244,-0.5238056070300494,-0.5438457219407257,1.406902978722722,1.1265120504989958,-0.37512230576202565,-1.4915402045225197,-0.2896177045260068,-0.45575985101876076,-0.012668610691780852,-0.29498346078680077,-0.0017799600633457689,-1.073372830528694,0.3295301916907803,0.7636165
1.186976205912016,-0.3408133533701287,1.0317424524031547,1.5720525923295021,-0.7355463591028758,1.3755715631171914,-0.6432742467930781,1.2521631238002848,-0.5638215469828244,-0.5238056070300494,-0.5438457219407257,-0.7107810667284712,1.1265120504989958,2.6657972203721507,-0.6723288617152484,-0.2896177045260068,2.19413798245874,-0.012668610691780852,-0.29498346078680077,0.007610750970070649,0.8582868353141496,0.3295301916907803,0.53230995
0.9679649001550366,-0.475568825117481,1.0317424524031547,-0.6361110339942113,1.3595336141962153,1.3755715631171914,-0.6432742467930781,1.2521631238002848,-0.5638215469828244,-0.5238056070300494,-0.5438457219407257,1.406902978722722,1.1265120504989958,-0.37512230576202565,-0.8455395081238085,-0.2896177045260068,-0.45575985101876076,-0.012668610691780852,-0.29498346078680077,0.006417800887662357,0.8582868353141496,0.3295301916907803,0.5789361
0.5216464058472541,-0.731082049469429,1.0317424524031547,-0.6361110339942113,1.3595336141962153,-0.7269705385112015,-0.6432742467930781,-0.798617992330763,-0.5638215469828244,1.9091051844021834,-0.5438457219407257,-0.7107810667284712,1.1265120504989958,-0.37512230576202565,-1.1739685520954937,-0.2896177045260068,-0.45575985101876076,-0.012668610691780852,-0.29498346078680077,0.00309824371056669,-0.4294862752477462,0.3295301916907803,0.5516957
0.14335415044883573,-0.9785871743118062,1.0317424524031547,-0.6361110339942113,-0.7355463591028758,-0.7269705385112015,-0.6432742467930781,-0.798617992330763,-0.5638215469828244,-0.5238056070300494,-0.5438457219407257,1.406902978722722,1.1265120504989958,-0.37512230576202565,-1.492104224862502,-0.2896177045260068,-0.45575985101876076,-0.012668610691780852,-0.29498346078680077,-0.002120713907395818,-1.073372830528694,0.3295301916907803,0.91089904
0.17819685818290046,-0.9122625583736352,-0.9692341317067846,-0.6361110339942113,-0.7355463591028758,-0.7269705385112015,-0.6432742467930781,-0.798617992330763,-0.5638215469828244,-0.5238056070300494,1.8387567643843508,-0.7107810667284712,1.1265120504989958,-0.37512230576202565,-1.4068525504741796,-0.2896177045260068,-0.45575985101876076,-0.012668610691780852,-0.29498346078680077,-0.0009863275139621788,-1.073372830528694,-2.0746817786677476,0.5314407
0.6460846477546285,-0.6875530921352142,-0.9692341317067846,-0.6361110339942113,-0.7355463591028758,-0.7269705385112015,-0.6432742467930781,-0.798617992330763,-0.5638215469828244,1.9091051844021834,-0.5438457219407257,-0.7107810667284712,1.1265120504989958,-0.37512230576202565,-1.1180177343692508,-0.2896177045260068,-0.45575985101876076,-0.012668610691780852,-0.29498346078680077,0.003970736213488877,-1.073372830528694,0.3295301916907803,0.5668197
